number;formid;collector_barcode;study_village;hh_barcode;own_livestock;cow_number;cow_milking;ox_number;buffalo_number;buffalo_milking;chicken_number;goat_number;sheep_number;pig_number;quail_number;rabbit_number;duck_number;horse_number;fish_number;milk_vol;draught_animal;hive_number;occupied_hive_number;started_time
150;d8e3cf3e-f765-42dd-9721-35bde6aa07bb;pollination_CHAU_010;Chauraa;CHA101_Chaur;1;8;2;2;NA;NA;9;NA;NA;NA;NA;5;NA;NA;NA;5;2;NA;NA;13-09-2022 13:56
159;42a62b7f-17d6-4359-9a01-43f0862dd610;pollination_CHAU_010;Chauraa;CHA102_Chaur;1;5;0;2;1;1;5;10;NA;NA;NA;5;5;NA;NA;5;2;NA;NA;14-09-2022 03:18
157;912ec011-7f11-4388-bb85-7e9544802a09;pollination_CHAU_010;Chauraa;CHA103_Chaur;1;5;0;2;NA;NA;5;NA;NA;NA;NA;6;4;NA;NA;0;2;NA;NA;14-09-2022 03:12
158;b3b3f4b4-7f2a-4561-a9e5-5ad6de83e9f5;pollination_CHAU_010;Chauraa;CHA105_Chaur;1;1;1;2;NA;NA;5;NA;NA;NA;NA;8;NA;NA;NA;1;2;NA;NA;14-09-2022 03:06
156;5740aa20-005c-4664-864b-bad1922d313a;pollination_CHAU_010;Chauraa;CHA107_Chaur;1;5;0;2;NA;NA;4;10;NA;NA;NA;8;NA;NA;NA;0;2;NA;NA;14-09-2022 02:46
155;8d2167d8-fda9-42a3-a13d-7c3dcb3ec9ff;pollination_CHAU_010;Chauraa;CHA112_Chaur;1;4;0;2;NA;NA;5;NA;NA;NA;NA;3;NA;NA;NA;0;2;NA;NA;14-09-2022 02:41
154;5374e25e-a09a-4f3a-87c6-96c70a62ba59;pollination_CHAU_010;Chauraa;CHA113_Chaur;1;5;0;NA;NA;NA;6;NA;NA;NA;NA;5;NA;NA;NA;0;2;NA;NA;14-09-2022 02:23
153;048886e1-aa94-4fff-a9f0-b8a23a59bd2d;pollination_CHAU_010;Chauraa;CHA115_Chaur;1;3;1;1;NA;NA;5;5;NA;NA;NA;7;NA;NA;NA;1;1;NA;NA;14-09-2022 02:13
152;48f28539-4d39-41d4-8da7-06098bd01139;pollination_CHAU_010;Chauraa;CHA116_Chaur;1;6;1;2;NA;NA;5;12;NA;NA;NA;7;NA;NA;NA;2;2;NA;NA;14-09-2022 01:57
75;1d0394e1-555a-4890-86c8-52ae1817205a;pollination_CHAU_010;Chauraa;CHA117_Chaur;1;6;2;2;NA;NA;5;6;NA;NA;NA;8;NA;2;NA;2.5;2;NA;NA;06-09-2022 06:04
67;7441bb04-ea93-4a4d-a37d-831a92b97623;pollination_CHAU_010;Chauraa;CHA118_Chaur;1;6;1;3;NA;NA;2;NA;NA;NA;NA;1;NA;NA;NA;3;1;NA;NA;27-08-2022 10:13
70;871464f1-cfb4-45ce-a7c2-263e42b6a4dd;pollination_CHAU_010;Chauraa;CHA119_Chaur;1;1;1;1;NA;NA;4;8;30;NA;NA;2;NA;NA;NA;7;1;NA;NA;27-08-2022 11:41
151;e1251465-189e-4816-9c8b-cf20240480c1;pollination_CHAU_010;Chauraa;CHA120_Chaur;1;4;0;2;NA;NA;5;6;NA;NA;NA;5;3;NA;NA;0;2;NA;NA;14-09-2022 01:43
72;f3a2a3ff-972a-4925-bf44-38a878b084d4;pollination_CHAU_010;Chauraa;CHA121_Chaur;1;2;0;2;NA;NA;4;4;NA;NA;NA;12;NA;7;NA;0;1;NA;NA;27-08-2022 12:20
69;1fda0a68-436a-49c0-b4bc-2a45cad7d79f;pollination_CHAU_010;Chauraa;CHA123_Chaur;1;3;0;4;NA;NA;1;NA;NA;NA;NA;2;NA;3;NA;0;1;NA;NA;27-08-2022 11:19
71;27a5236f-3a93-40c7-ade6-14f060133367;pollination_CHAU_010;Chauraa;CHA124_Chaur;1;2;0;2;NA;NA;NA;2;NA;NA;NA;3;NA;3;NA;0;0;NA;NA;27-08-2022 12:02
68;1fda8ad1-ec2b-44e3-89ff-e1f4ca52ea2a;pollination_CHAU_010;Chauraa;CHA125_Chaur;1;4;3;3;NA;NA;NA;NA;NA;NA;NA;2;NA;NA;NA;15;2;NA;NA;27-08-2022 10:58
66;e0fb6747-42b5-4af8-9b0a-89e364ac0223;pollination_CHAU_010;Chauraa;CHA126_Chaur;1;10;2;2;NA;NA;NA;50;NA;NA;NA;NA;NA;NA;NA;10;2;NA;NA;27-08-2022 08:13
74;34d73126-e587-4fac-b866-ee1cb87f8fb5;pollination_CHAU_010;Chauraa;CHA127_Chaur;1;4;1;2;NA;NA;5;NA;NA;NA;NA;8;NA;NA;NA;4;2;NA;NA;05-09-2022 01:27
73;5131395c-2777-4232-9e38-337448a4435d;pollination_CHAU_010;Chauraa;CHA129_Chaur;1;NA;NA;2;NA;NA;1;NA;NA;NA;NA;4;NA;NA;NA;0;2;NA;NA;27-08-2022 12:55
135;0f868399-fb8e-4848-a2f6-69fe8b4dce20;pollination_CHUM_011;Chuma;CHU102_Chum;1;5;1;2;1;1;3;31;20;NA;NA;NA;NA;NA;NA;7;2;NA;NA;04-09-2022 01:09
149;b3da0a94-cf4c-48ed-9eb3-1226699dba1a;pollination_CHUM_011;Chuma;CHU103_Chum;1;5;0;2;NA;NA;6;NA;NA;NA;NA;4;NA;NA;NA;0;2;NA;NA;05-09-2022 00:54
134;06d4eee8-f0f8-4fef-b049-c6e2eaa631d3;pollination_CHUM_011;Chuma;CHU104_Chum;1;2;0;0;NA;NA;NA;NA;NA;NA;NA;NA;NA;NA;NA;0;0;NA;NA;04-09-2022 00:49
136;113a3f28-371a-4baf-a127-462336dbac9e;pollination_CHUM_011;Chuma;CHU105_Chum;1;3;0;1;NA;NA;NA;NA;NA;NA;NA;NA;NA;NA;NA;0;1;NA;NA;04-09-2022 01:28
139;3a1cdc9a-1f11-4f47-b9ce-1eacec8e8e14;pollination_CHUM_011;Chuma;CHU107_Chum;1;1;0;NA;NA;NA;NA;NA;NA;NA;NA;5;NA;NA;NA;0;1;NA;NA;04-09-2022 02:55
137;c29b84f5-d0f9-4028-b2fe-27cd57f326c9;pollination_CHUM_011;Chuma;CHU108_Chum;1;5;0;2;NA;NA;NA;NA;NA;NA;NA;3;NA;NA;NA;0;2;NA;NA;04-09-2022 01:40
142;d04878a8-855d-4710-a994-4d0151fb9567;pollination_CHUM_011;Chuma;CHU109_Chum;1;3;0;1;NA;NA;NA;NA;NA;NA;NA;NA;NA;NA;NA;0;1;NA;NA;04-09-2022 03:43
141;e33d9875-1288-48f0-a92d-56f085522046;pollination_CHUM_011;Chuma;CHU110_Chum;1;4;0;2;NA;NA;3;NA;NA;NA;NA;NA;NA;NA;NA;0;2;NA;NA;04-09-2022 03:20
143;6678b624-85d8-4f65-b85f-9f92547b0335;pollination_CHUM_011;Chuma;CHU111_Chum;1;3;1;1;NA;NA;NA;NA;NA;NA;NA;NA;NA;NA;NA;0;1;NA;NA;04-09-2022 03:53
145;8c859c2d-7460-499d-b545-2342e0071625;pollination_CHUM_011;Chuma;CHU112_Chum;1;3;0;2;NA;NA;NA;NA;NA;NA;NA;4;NA;NA;NA;0;2;NA;NA;05-09-2022 00:50
138;73012ebb-1000-40cf-a6b4-929d8d4c3229;pollination_CHUM_011;Chuma;CHU113_Chum;1;2;0;1;NA;NA;NA;15;9;NA;NA;NA;NA;NA;NA;0;1;NA;NA;04-09-2022 02:33
140;457fc4aa-3076-4c92-bf91-2b4e652849d1;pollination_CHUM_011;Chuma;CHU114_Chum;1;1;0;1;NA;NA;NA;NA;5;NA;NA;NA;NA;NA;NA;0;1;NA;NA;04-09-2022 03:08
144;b8a1a9d6-e2b2-4f24-80ce-c0ac01cd0032;pollination_CHUM_011;Chuma;CHU115_Chum;1;2;0;1;NA;NA;NA;NA;NA;NA;NA;NA;NA;NA;NA;0;1;NA;NA;05-09-2022 00:58
147;72059bdd-2e90-4637-9e59-2a776c2a98ae;pollination_CHUM_011;Chuma;CHU116_Chum;1;3;0;2;NA;NA;3;NA;NA;NA;NA;2;NA;NA;NA;0;2;NA;NA;05-09-2022 00:53
146;299df365-8de5-426d-b622-c8f7b8adcb89;pollination_CHUM_011;Chuma;CHU117_Chum;1;3;0;2;NA;NA;6;NA;NA;NA;NA;3;NA;NA;NA;0;2;NA;NA;05-09-2022 00:52
130;3fb9e51a-b14a-4381-a54f-b0670861de60;pollination_CHUM_011;Chuma;CHU118_Chum;1;3;1;1;NA;NA;NA;NA;NA;NA;NA;NA;NA;NA;NA;8;1;NA;NA;28-08-2022 01:31
133;296bf479-7c57-4770-b7dd-b0f12debc118;pollination_CHUM_011;Chuma;CHU120_Chum;1;8;1;2;NA;NA;NA;NA;NA;NA;NA;NA;NA;1;NA;6;2;NA;NA;28-08-2022 03:02
132;32bcd79f-3422-43aa-b86e-d01ee1ed36aa;pollination_CHUM_011;Chuma;CHU121_Chum;1;1;0;1;NA;NA;NA;NA;NA;NA;NA;NA;NA;1;NA;0;1;NA;NA;28-08-2022 02:38
131;b1949b41-8eb1-42ba-ad86-cdd3296f0adc;pollination_CHUM_011;Chuma;CHU122_Chum;1;1;1;1;NA;NA;NA;NA;NA;NA;NA;NA;NA;NA;NA;7;1;NA;NA;28-08-2022 02:13
148;a1724009-d112-499e-a897-90440b9ee74d;pollination_CHUM_011;Chuma;CHU123_Chum;1;3;0;2;NA;NA;NA;NA;NA;NA;NA;NA;NA;NA;NA;0;2;NA;NA;05-09-2022 00:53
82;6fd816ba-91d3-42eb-8060-73eeefe935a7;pollination_PERE_016;Gadigaun;GAD101_Gadigaun;1;9;0;NA;NA;NA;6;NA;NA;NA;NA;5;5;NA;NA;0;2;NA;NA;03-09-2022 02:19
81;d410cf1e-f2ae-45ea-bacf-15c2803b7114;pollination_PERE_016;Gadigaun;GAD102_Gadigaun;1;2;0;NA;NA;NA;2;NA;NA;NA;NA;4;1;NA;NA;0;0;NA;NA;03-09-2022 02:04
90;dfddd0e9-ac5e-4d36-943d-d445b651c3d5;pollination_PERE_016;Gadigaun;GAD103_Gadigaun;1;5;0;NA;NA;NA;5;40;10;NA;NA;3;2;NA;NA;0;1;NA;NA;03-09-2022 04:40
76;13211dba-8d92-4ac7-81e0-a0a22ba8edc8;pollination_PERE_016;Gadigaun;GAD104_Gadigaun;1;2;0;1;NA;NA;NA;10;14;NA;NA;3;1;1;NA;0;1;5;3;02-09-2022 11:36
77;1e9b4d00-83e9-40a8-9a77-88834a01fe6c;pollination_PERE_016;Gadigaun;GAD105_Gadigaun;1;0;2;NA;NA;NA;NA;15;50;NA;NA;NA;NA;4;NA;0;2;NA;NA;02-09-2022 12:09
80;5029b61f-f3f6-4a70-bdc2-cacac5b20278;pollination_PERE_016;Gadigaun;GAD106_Gadigaun;1;5;0;NA;NA;NA;NA;NA;100;NA;NA;NA;NA;3;NA;0;1;7;2;02-09-2022 13:08
84;6c881e1c-abdf-4044-a5b8-e9f93bffa946;pollination_PERE_016;Gadigaun;GAD107_Gadigaun;1;3;0;NA;NA;NA;5;20;20;NA;NA;3;NA;1;NA;0;1;NA;NA;03-09-2022 03:09
87;ee6a332f-070c-4d9c-a1d6-ccf84565a9d4;pollination_PERE_016;Gadigaun;GAD108_Gadigaun;1;4;0;NA;NA;NA;1;NA;NA;NA;NA;NA;5;NA;NA;0;1;NA;NA;03-09-2022 03:52
86;d1714b8f-455a-4673-84ef-28d5fbfe8927;pollination_PERE_016;Gadigaun;GAD109_Gadigaun;1;2;0;NA;NA;NA;NA;3;5;NA;NA;2;NA;NA;NA;0;1;NA;NA;03-09-2022 03:44
168;7f143183-e0a6-4d4a-ac90-feafc1bb66b3;pollination_PERE_016;Gadigaun;GAD110_Gadigaun;1;3;0;2;NA;NA;NA;NA;NA;NA;NA;4;NA;NA;NA;0;2;1;1;17-09-2022 11:24
169;c88b5539-a07e-411b-8593-6507dc45c4e3;pollination_PERE_016;Gadigaun;GAD111_Gadigaun;1;6;0;2;NA;NA;NA;16;30;NA;NA;NA;NA;NA;NA;0;2;3;2;17-09-2022 11:53
171;d293e406-2d4a-4641-a30b-3fc210b8704d;pollination_PERE_016;Gadigaun;GAD112_Gadigaun;1;NA;NA;2;NA;NA;NA;NA;NA;NA;NA;NA;NA;NA;NA;0;2;NA;NA;17-09-2022 12:16
170;34e5bfd4-bfc1-4209-9d6e-0b017c498e47;pollination_PERE_016;Gadigaun;GAD113_Gadigaun;1;5;0;1;NA;NA;NA;NA;NA;NA;NA;NA;NA;NA;NA;0;1;5;3;17-09-2022 12:05
83;07bf379c-2956-4766-91cf-436a61dea7ca;pollination_PERE_016;Gadigaun;GAD114_Gadigaun;1;4;0;NA;NA;NA;3;15;20;NA;NA;4;NA;1;NA;0;2;NA;NA;03-09-2022 02:57
85;822b4c49-d17b-4868-82ef-25fffba293c4;pollination_PERE_016;Gadigaun;GAD115_Gadigaun;1;2;0;NA;NA;NA;NA;2;13;NA;NA;NA;NA;NA;NA;0;0;NA;NA;03-09-2022 03:28
88;851766e4-cd76-4957-90de-d53bb28ccffd;pollination_PERE_016;Gadigaun;GAD116_Gadigaun;1;5;0;NA;NA;NA;NA;7;35;NA;NA;4;NA;1;NA;0;1;NA;NA;03-09-2022 04:16
172;18fe2a48-6597-4da7-bac9-754920b8f97a;pollination_PERE_016;Gadigaun;GAD117_Gadigaun;1;2;0;1;NA;NA;NA;20;20;NA;NA;1;NA;NA;NA;0;1;NA;NA;17-09-2022 12:23
89;2e2cb792-57c8-48fe-ad17-90fc84606377;pollination_PERE_016;Gadigaun;GAD119_Gadigaun;1;2;0;NA;NA;NA;NA;NA;NA;NA;NA;2;NA;NA;NA;0;1;3;1;03-09-2022 04:31
79;2e70eda1-729b-4f12-8713-800875c00015;pollination_PERE_016;Gadigaun;GAD120_Gadigaun;1;5;1;NA;NA;NA;NA;NA;NA;NA;NA;6;NA;1;NA;3;2;NA;NA;02-09-2022 12:56
78;e4827af7-7401-4465-ad5b-d7428b63209c;pollination_PERE_016;Gadigaun;GAD121_Gadigaun;1;7;1;NA;NA;NA;1;NA;NA;NA;NA;2;4;1;NA;3;2;NA;NA;02-09-2022 12:41
41;94daec01-03fc-4d68-9cbb-7f58debc244b;pollination_LORP_013;Lorpa;LOR101_Lorpa;1;2;0;NA;1;0;NA;5;30;NA;NA;3;NA;NA;NA;0;0;NA;NA;01-09-2022 06:20
42;bdaae2fc-b35b-4045-88c2-d5ce7f0b0c4b;pollination_LORP_013;Lorpa;LOR103_Lorpa;1;3;0;2;NA;NA;NA;NA;NA;NA;NA;3;NA;NA;NA;0;1;NA;NA;01-09-2022 07:14
43;61f8f658-2d40-4300-b3ff-c2fe252e6a35;pollination_LORP_013;Lorpa;LOR104_Lorpa;1;2;0;NA;NA;NA;NA;NA;NA;NA;NA;NA;NA;NA;NA;0;1;NA;NA;02-09-2022 02:24
44;8e9598b2-3daa-4d8d-95ea-abe76b58d675;pollination_LORP_013;Lorpa;LOR105_Lorpa;1;4;1;1;NA;NA;NA;NA;NA;NA;NA;4;NA;NA;NA;10;1;NA;NA;02-09-2022 02:41
45;b20b96c5-aa0c-4a36-a3ca-fe3e825956e2;pollination_LORP_013;Lorpa;LOR106_Lorpa;1;4;1;1;NA;NA;NA;NA;NA;NA;NA;5;NA;NA;NA;20;1;NA;NA;02-09-2022 13:26
46;5310424b-da27-4056-a210-acb353673adc;pollination_LORP_013;Lorpa;LOR107_Lorpa;1;2;0;1;NA;NA;NA;NA;NA;NA;NA;6;NA;NA;NA;0;1;NA;NA;02-09-2022 13:40
193;ff8c5240-9907-4184-b402-f93aa2e0c626;pollination_LORP_013;Lorpa;LOR108_Lorpa;1;4;0;2;NA;NA;NA;NA;NA;NA;NA;8;NA;NA;NA;0;2;NA;NA;07-09-2022 12:30
198;be976e6a-2dfd-4428-9308-a935e51ccdc3;pollination_LORP_013;Lorpa;LOR110_Lorpa;1;5;2;2;NA;NA;NA;NA;NA;NA;NA;8;NA;NA;NA;6;2;NA;NA;16-09-2022 14:04
194;9504c96f-f810-46f1-8f6c-f1f9d094b3a8;pollination_LORP_013;Lorpa;LOR111_Lorpa;1;3;1;1;NA;NA;NA;NA;NA;NA;NA;6;NA;NA;NA;5;1;NA;NA;07-09-2022 13:34
195;9060064b-8fd1-4399-860f-1c4a29032f9a;pollination_LORP_013;Lorpa;LOR112_Lorpa;1;2;0;1;NA;NA;NA;NA;NA;NA;NA;NA;3;NA;NA;0;1;NA;NA;07-09-2022 13:45
209;7a9ab3fc-dc3b-4e11-9c99-7d2adeaaf37f;pollination_LORP_013;Lorpa;LOR113_Lorpa;1;3;0;2;NA;NA;NA;NA;NA;NA;NA;6;NA;NA;NA;0;2;NA;NA;24-09-2022 13:34
196;b50560c2-a250-4fb6-8d17-8ec741ddffad;pollination_LORP_013;Lorpa;LOR115_Lorpa;1;3;0;2;NA;NA;NA;NA;NA;NA;NA;6;NA;NA;NA;0;2;NA;NA;14-09-2022 09:44
197;b1ffc8f0-ccbf-425d-a015-132bb4c042df;pollination_LORP_013;Lorpa;LOR119_Lorpa;1;6;2;2;NA;NA;NA;NA;NA;NA;NA;8;NA;NA;NA;6;2;NA;NA;15-09-2022 03:41
208;2d3c0993-a5b3-4f69-a52e-d945ddc70c79;pollination_LORP_013;Lorpa;LOR120_Lorpa;1;3;0;NA;NA;NA;5;NA;NA;NA;NA;3;NA;NA;NA;0;0;NA;NA;24-09-2022 13:31
212;14fe6bb4-4a78-4b32-8009-508de5989f77;pollination_LORP_013;Lorpa;LOR121_Lorpa;1;3;0;2;NA;NA;NA;NA;NA;NA;NA;6;NA;NA;NA;0;2;NA;NA;24-09-2022 13:50
211;6320e4b4-897b-4923-a85e-a67233e55a12;pollination_LORP_013;Lorpa;LOR122_Lorpa;1;3;0;2;NA;NA;NA;NA;NA;NA;NA;6;NA;NA;NA;0;2;NA;NA;24-09-2022 13:47
210;30a92d7e-615f-4cab-bedc-dc5e31389fb0;pollination_LORP_013;Lorpa;LOR123_Lorpa;1;3;0;2;NA;NA;NA;NA;NA;NA;NA;5;NA;NA;NA;0;2;NA;NA;24-09-2022 13:40
213;10681a77-2711-44f3-a5b8-6428b790d1a2;pollination_LORP_013;Lorpa;LOR124_Lorpa;1;3;0;2;NA;NA;NA;NA;NA;NA;NA;NA;NA;NA;NA;0;2;NA;NA;24-09-2022 13:54
214;84518546-aedb-4fce-9d53-896ce4c06ec7;pollination_LORP_013;Lorpa;LOR125_Lorpa;1;3;0;1;NA;NA;NA;NA;NA;NA;NA;NA;NA;NA;NA;0;1;NA;NA;24-09-2022 13:58
215;6670bfdd-7821-468f-bafb-bf6576e13462;pollination_LORP_013;Lorpa;LOR126_Lorpa;1;4;0;2;NA;NA;NA;NA;NA;NA;NA;NA;NA;NA;NA;0;2;NA;NA;24-09-2022 14:02
120;0e589f20-1c76-4df4-a000-266b2c9861cc;pollination_LUMA_014;Luma;LUM101_Lum;1;5;1;1;NA;NA;2;NA;NA;NA;5;NA;NA;NA;NA;6;1;NA;NA;23-08-2022 01:34
126;2d15fc21-9a5f-4394-8517-81cd25669fde;pollination_LUMA_014;Luma;LUM102_Lum;1;2;1;2;2;1;NA;NA;NA;NA;NA;NA;NA;NA;NA;2;4;NA;NA;23-08-2022 01:39
122;4755b0f8-5de4-4626-91a9-20892afb9a85;pollination_LUMA_014;Luma;LUM104_Lum;1;2;0;2;NA;NA;NA;NA;NA;NA;NA;8;7;NA;NA;0;1;NA;NA;23-08-2022 01:40
129;94cdb213-36de-4fd6-b071-1ccb62100cdd;pollination_LUMA_014;Luma;LUM105_Lum;1;2;0;1;NA;NA;NA;NA;NA;NA;NA;5;NA;3;NA;0;1;NA;NA;23-08-2022 01:41
124;a431013a-bac3-41ea-a668-f27128952b27;pollination_LUMA_014;Luma;LUM106_Lum;1;3;1;2;NA;NA;5;NA;NA;NA;NA;5;5;NA;NA;6;1;9;4;23-08-2022 01:43
123;5d461374-b799-49e4-871e-cee659e84a17;pollination_LUMA_014;Luma;LUM107_Lum;1;3;1;1;NA;NA;2;NA;NA;NA;NA;NA;NA;NA;NA;8;1;NA;NA;23-08-2022 01:44
125;bc779d66-d884-443f-b839-ee65345f56e0;pollination_LUMA_014;Luma;LUM108_Lum;2;NA;NA;NA;NA;NA;NA;NA;NA;NA;NA;NA;NA;NA;NA;NA;NA;NA;NA;23-08-2022 01:46
121;46558f93-31c5-46da-b569-d8e1a14865b1;pollination_LUMA_014;Luma;LUM109_Lum;1;6;2;1;NA;NA;3;NA;NA;NA;NA;5;NA;NA;NA;8;1;NA;NA;23-08-2022 01:47
20;a3a190a1-562e-4d8a-8f59-950c9e33a18c;pollination_LUMA_014;Luma;LUM112_Lum;1;2;1;1;NA;NA;NA;NA;NA;NA;NA;9;2;NA;NA;4;1;NA;NA;23-08-2022 01:49
127;0dddf48b-a0bc-4fc2-a49d-6761805ea32a;pollination_LUMA_014;Luma;LUM113_Lum;1;5;2;2;NA;NA;5;NA;NA;NA;NA;3;5;NA;NA;2;1;NA;NA;23-08-2022 01:49
128;1a4b897a-12a5-4a05-9e9d-88d8b48b0df3;pollination_LUMA_014;Luma;LUM114_Lum;1;5;1;2;NA;NA;2;NA;NA;NA;NA;NA;NA;NA;NA;5;1;NA;NA;23-08-2022 01:50
118;b3366836-7cdc-40b8-b36c-3bee8e052826;pollination_LUMA_014;Luma;LUM115_Lum;2;NA;NA;NA;NA;NA;NA;NA;NA;NA;NA;NA;NA;NA;NA;NA;NA;NA;NA;23-08-2022 01:51
119;44d4c33d-7e98-4b17-a067-af3180b68833;pollination_LUMA_014;Luma;LUM116_Lum;1;5;1;1;NA;NA;5;NA;NA;NA;NA;6;3;NA;NA;5;1;6;2;23-08-2022 01:51
117;d582e875-99d8-4bf5-b3d1-ac866278ce59;pollination_LUMA_014;Luma;LUM118_Lum;1;9;1;NA;NA;NA;NA;NA;NA;NA;NA;7;8;NA;NA;2;1;NA;NA;23-08-2022 01:52
116;90b8955e-7313-4840-b88b-29c85e4395aa;pollination_LUMA_014;Luma;LUM119_Lum;1;4;2;1;NA;NA;NA;NA;NA;NA;NA;9;NA;NA;NA;5;1;NA;NA;23-08-2022 01:55
115;047d40a5-dcb6-44d9-a160-ee5f6025459a;pollination_LUMA_014;Luma;LUM120_Lum;1;5;2;NA;NA;NA;NA;NA;NA;NA;NA;NA;NA;NA;NA;9;1;NA;NA;23-08-2022 01:55
114;e9d92353-6f76-43f3-8d6b-6f4f32d05cbc;pollination_LUMA_014;Luma;LUM121_Lum;1;2;1;2;NA;NA;NA;NA;NA;NA;NA;NA;NA;NA;NA;3;1;NA;NA;23-08-2022 01:56
113;f9529c07-963c-47f2-a812-1de5ec66642a;pollination_LUMA_014;Luma;LUM123_Lum;1;1;1;2;NA;NA;5;NA;NA;NA;NA;6;2;NA;NA;9;1;NA;NA;23-08-2022 02:02
112;cc9959ae-23e4-459f-9bdb-3b82610825b8;pollination_LUMA_014;Luma;LUM124_Lum;2;NA;NA;NA;NA;NA;NA;NA;NA;NA;NA;NA;NA;NA;NA;NA;NA;NA;NA;23-08-2022 02:04
111;e8a656fe-2649-4e12-9124-c1232b6b6da7;pollination_LUMA_014;Luma;LUM125_Lum;1;2;1;NA;NA;NA;NA;NA;NA;NA;NA;2;NA;NA;NA;5;1;NA;NA;23-08-2022 02:07
160;62c2aa18-ad9e-43db-abcb-15bb76b95e7f;pollination_RINI_017;Patmara;PAT101_Patmara;1;1;0;NA;NA;NA;6;NA;21;NA;NA;NA;NA;NA;NA;0;0;6;2;12-09-2022 08:44
162;e2200204-7951-44e6-b2ad-bdcf0d1fb9fe;pollination_RINI_017;Patmara;PAT102_Patmara;1;NA;NA;1;NA;NA;NA;NA;12;NA;NA;NA;3;NA;NA;0;1;NA;NA;12-09-2022 08:47
161;a2626e32-8605-4e5a-b0fe-340d560ba895;pollination_RINI_017;Patmara;PAT103_Patmara;1;NA;NA;1;NA;NA;NA;12;6;NA;NA;2;NA;NA;NA;0;1;NA;NA;12-09-2022 08:45
163;d976f3aa-280c-48a6-8c91-ade9600bcd12;pollination_RINI_017;Patmara;PAT105_Patmara;1;NA;NA;NA;NA;NA;6;17;NA;NA;NA;NA;NA;NA;NA;0;NA;NA;NA;12-09-2022 08:49
164;aefe2c7e-f561-433e-b54e-53e09b0c04d0;pollination_RINI_017;Patmara;PAT106_Patmara;1;NA;NA;2;NA;NA;6;NA;NA;NA;NA;5;NA;NA;NA;0;1;NA;NA;12-09-2022 08:51
165;845aae35-d7a7-406c-a96b-9fc26134ca98;pollination_RINI_017;Patmara;PAT108_Patmara;1;NA;NA;NA;NA;NA;NA;23;21;NA;NA;4;NA;NA;NA;0;NA;NA;NA;12-09-2022 08:53
167;dc1c378a-84be-4d2e-a3c5-4b07bebefe76;pollination_RINI_017;Patmara;PAT109_Patmara;1;NA;NA;2;NA;NA;NA;5;NA;NA;NA;6;NA;NA;NA;0;2;6;4;12-09-2022 08:53
180;60e5b914-96b0-42ad-8479-e411f9236fea;pollination_RINI_017;Patmara;PAT111_Patmara;1;NA;NA;NA;NA;NA;NA;23;NA;NA;NA;6;NA;NA;NA;0;NA;NA;NA;12-09-2022 08:54
181;87aafd6b-cf66-48d7-ad10-f465fc2831b8;pollination_RINI_017;Patmara;PAT112_Patmara;1;NA;NA;NA;NA;NA;5;NA;11;NA;NA;4;NA;NA;NA;0;NA;3;2;12-09-2022 08:56
182;7214025b-68ab-473f-9fbb-8c680d506212;pollination_RINI_017;Patmara;PAT113_Patmara;1;NA;NA;1;NA;NA;5;NA;9;NA;NA;NA;NA;NA;NA;0;1;6;3;12-09-2022 08:56
185;560f72b5-57a6-4ce0-8a71-f0181727ae30;pollination_RINI_017;Patmara;PAT114_Patmara;1;NA;NA;2;NA;NA;6;NA;NA;NA;NA;NA;NA;NA;NA;0;2;NA;NA;12-09-2022 08:57
184;68946ecf-28fa-4f32-8c23-caab0a994c93;pollination_RINI_017;Patmara;PAT115_Patmara;1;NA;NA;NA;NA;NA;5;10;NA;NA;NA;4;NA;NA;NA;0;NA;5;3;12-09-2022 08:57
186;5b2445db-e0eb-4bd7-866d-ed152fb9d705;pollination_RINI_017;Patmara;PAT116_Patmara;1;NA;NA;2;NA;NA;NA;6;NA;NA;NA;3;4;NA;NA;0;2;NA;NA;12-09-2022 08:58
187;6a873db1-1bf8-4524-b8fd-c3b8db47e37e;pollination_RINI_017;Patmara;PAT117_Patmara;1;NA;NA;NA;NA;NA;6;21;NA;NA;NA;3;NA;NA;NA;0;NA;NA;NA;12-09-2022 08:52
188;98d6029c-79d3-4700-96e0-5a8de8819b45;pollination_RINI_017;Patmara;PAT118_Patmara;1;NA;NA;NA;NA;NA;5;12;NA;NA;NA;NA;NA;NA;NA;0;NA;NA;NA;12-09-2022 09:01
189;f5d3cb36-bb1f-4227-b333-445a7c93688e;pollination_RINI_017;Patmara;PAT119_Patmara;1;NA;NA;3;NA;NA;NA;NA;8;NA;NA;NA;NA;NA;NA;0;2;5;3;12-09-2022 09:02
190;7e0d3c03-4f85-41c4-b8bf-2c73ab7b8cd7;pollination_RINI_017;Patmara;PAT121_Patmara;1;NA;NA;NA;NA;NA;5;NA;NA;NA;NA;NA;NA;NA;NA;NA;NA;3;1;12-09-2022 09:03
191;1dd04099-36b0-4fd8-b716-fdb9cd16d0b5;pollination_RINI_017;Patmara;PAT123_Patmara;1;NA;NA;2;NA;NA;5;NA;NA;NA;NA;NA;NA;NA;NA;0;1;NA;NA;12-09-2022 09:03
192;ebcb5c17-cef2-4839-bd38-2abbd0f28f27;pollination_RINI_017;Patmara;PAT124_Patmara;1;NA;NA;1;NA;NA;3;NA;NA;NA;1;NA;NA;NA;NA;0;1;NA;NA;12-09-2022 09:04
166;f03f45c3-a697-4a57-bda2-5348d7e5c493;pollination_RINI_017;Patmara;PAT125_Patmara;1;1;0;2;NA;NA;6;14;NA;NA;NA;NA;NA;NA;NA;0;2;NA;NA;12-09-2022 09:04
49;7bd7eca6-2bf1-43dc-a957-8e8086a077f1;pollination_LORP_013;Pere;PER101_Pere;1;1;0;2;NA;NA;5;NA;NA;NA;NA;NA;NA;2;NA;0;2;NA;NA;04-09-2022 05:36
173;f89a7ca6-880e-42ed-934b-0a45b51a0b31;pollination_LORP_013;Pere;PER102_Pere;1;4;1;2;NA;NA;NA;NA;NA;NA;NA;6;3;NA;NA;5;2;NA;NA;05-09-2022 13:32
174;3b2e7296-75fd-4f54-9d1c-775eda8fe459;pollination_LORP_013;Pere;PER103_Pere;1;3;0;2;NA;NA;5;NA;NA;NA;NA;4;NA;NA;NA;0;2;NA;NA;05-09-2022 13:38
175;e0ab7937-6254-49d6-8636-8053a406ff28;pollination_LORP_013;Pere;PER104_Pere;1;3;1;2;NA;NA;NA;20;NA;NA;NA;NA;NA;NA;NA;6;1;NA;NA;05-09-2022 13:50
176;d7819c83-928c-41a2-a343-88721d09ccf0;pollination_LORP_013;Pere;PER105_Pere;1;2;0;2;NA;NA;NA;NA;NA;NA;NA;5;NA;NA;NA;0;2;NA;NA;06-09-2022 03:10
177;66a47efb-1fa9-47d3-9b65-7d5338dfdf1c;pollination_LORP_013;Pere;PER106_Pere;1;2;1;2;NA;NA;NA;NA;NA;NA;NA;5;NA;NA;NA;2;2;NA;NA;06-09-2022 03:15
56;02260c97-76bc-458a-84c2-de968b1822f4;pollination_LORP_013;Pere;PER107_Pere;1;1;1;2;NA;NA;NA;40;NA;NA;NA;NA;NA;2;NA;2;1;NA;NA;04-09-2022 07:26
178;262e6b14-859b-468a-b4f1-be0b0c03a55c;pollination_LORP_013;Pere;PER108_Pere;1;3;0;1;NA;NA;NA;NA;30;NA;NA;7;NA;NA;NA;0;1;NA;NA;06-09-2022 03:21
58;14461039-760e-4dab-b68e-bc88fb530a75;pollination_LORP_013;Pere;PER109_Pere;1;3;1;3;NA;NA;NA;6;4;NA;NA;6;NA;NA;NA;5;3;NA;NA;04-09-2022 07:47
48;a5659b82-e057-459f-9e5c-f8a7ab7527cb;pollination_LORP_013;Pere;PER110_Pere;1;3;1;1;NA;NA;2;1;NA;NA;NA;1;NA;2;NA;10;1;NA;NA;04-09-2022 05:26
50;5c7ad7a9-8ca7-40c3-abe4-4c296f2435e6;pollination_LORP_013;Pere;PER111_Pere;1;2;1;2;NA;NA;NA;NA;NA;NA;NA;2;NA;NA;NA;3;2;NA;NA;04-09-2022 06:07
52;17d5d6e4-1fc1-4cb4-bc24-e2b248c730fb;pollination_LORP_013;Pere;PER112_Pere;1;4;0;3;NA;NA;NA;30;NA;NA;NA;NA;NA;3;NA;0;2;NA;NA;04-09-2022 06:33
54;f244e6f5-ef07-457c-ab25-d06c8df7234f;pollination_LORP_013;Pere;PER113_Pere;1;2;0;1;NA;NA;NA;NA;NA;NA;NA;NA;NA;NA;NA;0;1;NA;NA;04-09-2022 06:57
53;a62fa4e6-89c0-44a5-b503-b39279fb416b;pollination_LORP_013;Pere;PER114_Pere;1;3;1;3;NA;NA;3;NA;NA;NA;NA;9;NA;4;NA;3;2;4;4;04-09-2022 06:46
57;d3871073-1ab8-4f10-98da-d88f6f60f74b;pollination_LORP_013;Pere;PER115_Pere;1;2;1;2;NA;NA;NA;NA;NA;NA;NA;NA;NA;NA;NA;2;2;NA;NA;04-09-2022 07:38
55;f2b1c8f4-7bd2-45eb-add1-c3ec667bac82;pollination_LORP_013;Pere;PER116_Pere;1;5;3;2;NA;NA;NA;NA;NA;NA;NA;3;3;6;NA;5;2;NA;NA;04-09-2022 07:10
47;f5ae1c3e-7d84-449d-a24b-ae99b82f5b80;pollination_LORP_013;Pere;PER117_Pere;1;3;1;2;NA;NA;NA;20;30;NA;NA;3;NA;NA;NA;3;2;NA;NA;04-09-2022 05:06
51;f58d039f-9105-41c1-b4c2-2d9412ac3f18;pollination_LORP_013;Pere;PER118_Pere;1;NA;NA;1;NA;NA;7;25;40;NA;NA;NA;NA;2;NA;0;1;NA;NA;04-09-2022 06:20
179;4e079480-94ff-4248-9b8a-d88926549476;pollination_LORP_013;Pere;PER119_Pere;1;3;0;1;NA;NA;NA;NA;NA;NA;NA;8;NA;NA;NA;0;1;NA;NA;06-09-2022 03:27
183;43fc4fa7-a91f-44b1-a3fb-036e0d5d323f;pollination_LORP_013;Pere;PER120_Pere;1;2;0;2;NA;NA;NA;NA;40;NA;NA;9;NA;NA;NA;0;2;NA;NA;06-09-2022 03:31
199;5a95f09d-7857-4128-b3b9-418452e9cd73;pollination_RINI_017;Rini;RIN103_Rini;1;6;0;3;NA;NA;NA;5;NA;NA;NA;12;NA;NA;NA;0;2;NA;NA;28-09-2022 03:36
59;f2b84e9b-d689-42a3-8a8c-51a9faca4268;pollination_RINI_017;Rini;RIN105_Rini;1;3;0;NA;NA;NA;2;43;NA;NA;2;6;NA;NA;NA;0;0;NA;NA;28-08-2022 14:33
200;00d0ca5f-b3f7-4e8a-b3f3-f75fd5247f39;pollination_RINI_017;Rini;RIN107_Rini;1;3;0;NA;NA;NA;6;NA;45;NA;NA;8;NA;NA;NA;0;1;8;6;28-09-2022 03:38
60;9b56873a-ee4b-4ff2-b281-25e4b09d7021;pollination_RINI_017;Rini;RIN108_Rini;1;2;0;3;NA;NA;6;NA;NA;NA;NA;12;NA;NA;NA;0;3;NA;NA;28-08-2022 14:52
216;870ca6af-533f-4de8-a6ad-e35f064a181e;pollination_TIRK_018;Rini;RIN109_Rini;1;3;1;1;NA;NA;3;NA;NA;NA;NA;5;NA;NA;NA;7;1;NA;NA;21-10-2022 10:27
202;98dcb744-6863-4f70-b585-0adc6daf4636;pollination_RINI_017;Rini;RIN110_Rini;1;2;1;NA;NA;NA;6;NA;23;NA;NA;7;NA;NA;NA;2;1;NA;NA;28-09-2022 03:44
61;52ea8a44-c35b-40d7-9d50-8542f449d8d1;pollination_RINI_017;Rini;RIN111_Rini;1;3;0;1;NA;NA;NA;8;NA;NA;NA;6;3;NA;NA;0;1;NA;NA;28-08-2022 15:07
62;51dbe5d0-d535-409b-8b9a-344c8390e79e;pollination_RINI_017;Rini;RIN112_Rini;1;3;0;NA;NA;NA;8;NA;41;NA;NA;NA;NA;NA;NA;0;0;NA;NA;30-08-2022 00:46
204;ee07924e-a853-42f1-8749-fa864580193b;pollination_RINI_017;Rini;RIN113_Rini;1;3;1;NA;NA;NA;9;21;NA;NA;NA;8;NA;NA;NA;0;1;NA;NA;28-09-2022 03:45
217;10da6be5-70a0-4938-ba21-5675968d408c;pollination_TIRK_018;Rini;RIN113_Rini;1;2;0;2;NA;NA;1;4;NA;NA;NA;3;NA;NA;NA;0;1;2;2;21-10-2022 11:07
205;dcbe3900-48ba-422a-80d8-46a83aa50bbb;pollination_RINI_017;Rini;RIN114_Rini;1;5;1;NA;NA;NA;6;NA;NA;NA;NA;8;NA;NA;NA;5;1;NA;NA;28-09-2022 03:48
218;ee1b4bb2-bf3a-43ab-90c6-6d1eaf887496;pollination_TIRK_018;Rini;RIN114_Rini;1;3;0;NA;NA;NA;6;NA;NA;NA;NA;3;NA;NA;NA;0;0;NA;NA;21-10-2022 11:37
203;7e92efef-3a0e-454f-b739-cb6311429eeb;pollination_RINI_017;Rini;RIN115_Rini;1;2;1;NA;NA;NA;NA;NA;45;NA;NA;11;NA;2;NA;0;0;8;3;28-09-2022 03:42
219;a67527fc-ab60-4ac0-af69-8a9cdc980629;pollination_TIRK_018;Rini;RIN115_Rini;1;4;0;2;NA;NA;4;NA;6;NA;NA;6;NA;NA;NA;0;1;NA;NA;21-10-2022 11:49
63;ea3b2afe-d9b6-4b31-be65-12f90c7bce24;pollination_RINI_017;Rini;RIN116_Rini;1;2;0;2;NA;NA;5;NA;NA;NA;NA;11;2;NA;NA;0;2;NA;NA;30-08-2022 01:03
64;1971a483-c556-4704-9418-9ef6f0bd21b4;pollination_RINI_017;Rini;RIN117_Rini;1;1;0;2;NA;NA;NA;NA;NA;NA;NA;9;NA;NA;NA;0;2;NA;NA;30-08-2022 01:16
201;bdb78f3f-e387-4a4d-89cd-2e3a08c9406f;pollination_RINI_017;Rini;RIN118_Rini;1;3;0;NA;NA;NA;NA;13;26;NA;NA;16;NA;NA;NA;0;1;8;5;28-09-2022 03:39
65;9d06f626-13d1-4fd1-8738-f9e570590d4a;pollination_RINI_017;Rini;RIN119_Rini;1;3;0;NA;NA;NA;6;NA;NA;NA;NA;9;NA;NA;NA;5;1;6;2;30-08-2022 01:26
207;b59823c5-ac99-4d30-8b05-c766e1e79ef2;pollination_RINI_017;Rini;RIN126_Rini;1;2;1;NA;NA;NA;6;NA;25;NA;NA;6;NA;NA;NA;2;0;7;4;28-09-2022 03:54
206;e9908a30-7eb8-41b8-b7ca-f28b478cb79b;pollination_RINI_017;Rini;RIN127_Rini;1;3;1;1;NA;NA;7;NA;NA;NA;NA;5;NA;NA;NA;0;1;23;8;28-09-2022 03:49
91;4e872a90-cb11-4e40-837c-15beb91667bd;pollination_TIRK_018;Tirkhu;TIR101_Tirkhu;1;2;0;NA;NA;NA;NA;NA;NA;NA;NA;7;NA;NA;NA;0;0;NA;NA;28-08-2022 12:50
104;71c9b754-b949-4052-be1b-a6a6b16f3010;pollination_TIRK_018;Tirkhu;TIR102_Tirkhu;1;4;0;NA;NA;NA;NA;4;NA;NA;NA;3;NA;NA;NA;0;0;NA;NA;31-08-2022 10:00
94;5bb804d8-55b2-4abf-a9b9-c37e2d53b601;pollination_TIRK_018;Tirkhu;TIR103_Tirkhu;1;4;1;NA;NA;NA;2;1;NA;NA;NA;4;NA;NA;NA;5;0;NA;NA;29-08-2022 11:33
95;7cc97233-401d-4c09-8a14-629d7a4329c5;pollination_TIRK_018;Tirkhu;TIR104_Tirkhu;1;2;0;1;NA;NA;1;NA;10;NA;NA;5;NA;2;NA;0;0;NA;NA;29-08-2022 12:00
103;5ad731fd-9dff-4aec-b96e-c48bb8352ce8;pollination_TIRK_018;Tirkhu;TIR105_Tirkhu;1;3;1;1;NA;NA;11;4;NA;NA;NA;3;NA;2;NA;14;1;7;4;31-08-2022 09:32
101;f8f98e72-5300-4360-a707-1b14436caf7f;pollination_TIRK_018;Tirkhu;TIR106_Tirkhu;1;4;0;1;NA;NA;NA;NA;NA;NA;NA;15;NA;2;NA;0;1;NA;NA;31-08-2022 08:31
96;cb98c1d0-2038-4bb3-8df6-a3fd40589f33;pollination_TIRK_018;Tirkhu;TIR107_Tirkhu;1;4;1;1;NA;NA;NA;NA;NA;NA;NA;2;NA;4;NA;7;0;NA;NA;29-08-2022 12:30
102;62606ea1-88e4-4878-a089-f85fcc52599e;pollination_TIRK_018;Tirkhu;TIR108_Tirkhu;1;1;0;2;2;0;NA;1;NA;NA;NA;14;1;6;NA;0;2;NA;NA;31-08-2022 09:02
98;1e8f9aba-0ccb-483a-b6f5-f3c1919714e1;pollination_TIRK_018;Tirkhu;TIR109_Tirkhu;1;1;0;3;NA;NA;9;7;42;NA;NA;8;2;NA;NA;0;3;NA;NA;30-08-2022 09:45
99;c951d5cb-4943-49eb-8e50-db0784f69b80;pollination_TIRK_018;Tirkhu;TIR110_Tirkhu;1;2;1;1;NA;NA;5;NA;NA;NA;NA;10;NA;NA;NA;5;0;NA;NA;31-08-2022 07:35
97;bf9df3bd-be62-4f7a-98e6-48fbf815735b;pollination_TIRK_018;Tirkhu;TIR111_Tirkhu;1;4;1;1;NA;NA;NA;NA;NA;NA;NA;4;NA;NA;NA;8;1;NA;NA;29-08-2022 12:55
93;7bf05310-51ed-4b97-8f71-d2a0f90f8b8d;pollination_TIRK_018;Tirkhu;TIR112_Tirkhu;1;5;0;1;NA;NA;1;7;30;NA;NA;5;NA;NA;NA;0;1;NA;NA;29-08-2022 10:56
100;efad5a3c-a5b7-48ef-8858-0ab8ea312a1b;pollination_TIRK_018;Tirkhu;TIR113_Tirkhu;1;NA;NA;1;NA;NA;2;NA;NA;NA;NA;NA;NA;NA;NA;0;1;NA;NA;31-08-2022 08:01
105;1db10dd4-b162-4875-8bb1-a7cede56458e;pollination_TIRK_018;Tirkhu;TIR114_Tirkhu;1;1;0;1;NA;NA;NA;15;NA;NA;NA;2;1;NA;NA;0;1;NA;NA;31-08-2022 12:18
107;3c3d7380-8ef3-406f-bd4d-002f97e36ec1;pollination_TIRK_018;Tirkhu;TIR115_Tirkhu;1;1;0;NA;NA;NA;3;NA;NA;NA;NA;NA;NA;NA;NA;0;0;NA;NA;01-09-2022 11:37
106;2a55e6f7-dffe-4b2b-be08-8dbea7229489;pollination_TIRK_018;Tirkhu;TIR116_Tirkhu;1;NA;NA;1;NA;NA;NA;2;NA;NA;NA;NA;NA;NA;NA;0;0;NA;NA;01-09-2022 11:14
109;c22197b8-e50b-4a8e-849b-547acfa0833c;pollination_TIRK_018;Tirkhu;TIR117_Tirkhu;1;1;0;NA;NA;NA;NA;NA;NA;NA;NA;NA;NA;NA;NA;0;0;NA;NA;01-09-2022 12:22
108;3cd76388-089b-448d-9258-d62c1c4aad80;pollination_TIRK_018;Tirkhu;TIR119_Tirkhu;1;1;1;1;NA;NA;5;6;NA;NA;NA;5;NA;NA;NA;7;1;NA;NA;01-09-2022 11:58
110;a92bb263-3fac-4d1e-a6fa-aabe008ced07;pollination_TIRK_018;Tirkhu;TIR120_Tirkhu;1;2;0;1;NA;NA;3;NA;NA;NA;NA;5;NA;NA;NA;0;1;NA;NA;04-09-2022 09:01
92;69022b5f-7e5b-4112-920c-700e06b35601;pollination_TIRK_018;Tirkhu;TIR121_Tirkhu;1;1;1;1;NA;NA;NA;NA;NA;NA;NA;NA;NA;NA;NA;7;1;NA;NA;29-08-2022 10:22
27;566adb06-c780-4aa2-8c37-1bb838113c0b;pollination_URTH_019;Urthu;URT101_Urthu;1;1;0;1;NA;NA;3;20;NA;NA;NA;5;NA;NA;NA;0;1;NA;NA;29-08-2022 14:01
31;e22b126c-eaec-452b-a02a-23e8138a00f7;pollination_URTH_019;Urthu;URT102_Urthu;1;2;0;1;NA;NA;3;NA;NA;NA;NA;5;1;NA;NA;0;1;NA;NA;31-08-2022 04:57
35;a5c12815-6c3c-49d0-aab4-290d21680fbc;pollination_URTH_019;Urthu;URT103_Urthu;1;2;0;1;NA;NA;NA;NA;NA;NA;NA;12;NA;NA;NA;0;1;NA;NA;31-08-2022 14:43
28;fffe5e3e-30bb-47d8-9b0f-6eee7d7377af;pollination_URTH_019;Urthu;URT104_Urthu;1;NA;NA;2;1;0;5;NA;NA;NA;NA;NA;NA;NA;NA;0;2;NA;NA;31-08-2022 02:13
21;c7b40a43-01e3-46d1-9363-a214bda36c39;pollination_URTH_019;Urthu;URT105_Urthu;1;2;0;1;NA;NA;4;NA;NA;NA;NA;2;2;NA;NA;0;1;NA;NA;28-08-2022 11:15
22;f0d52704-f846-4f13-94d8-7a1e0160d1f9;pollination_URTH_019;Urthu;URT106_Urthu;1;6;2;2;NA;NA;3;NA;NA;NA;NA;3;NA;NA;NA;5;1;NA;NA;28-08-2022 12:04
36;86f74014-ff77-4341-a6c8-6bc2a69b5cc2;pollination_URTH_019;Urthu;URT107_Urthu;1;3;0;2;NA;NA;2;NA;NA;NA;NA;10;NA;NA;NA;0;1;NA;NA;31-08-2022 15:23
26;faf53559-2358-442b-a8fa-cef0844238fd;pollination_URTH_019;Urthu;URT108_Urthu;1;2;0;1;NA;NA;2;NA;NA;NA;NA;6;NA;NA;NA;0;1;NA;NA;29-08-2022 13:07
25;89963714-74ff-42ae-8b7d-edfed956eb9f;pollination_URTH_019;Urthu;URT109_Urthu;1;2;0;1;NA;NA;5;NA;NA;NA;NA;3;NA;NA;NA;0;1;NA;NA;29-08-2022 02:53
29;b0e86150-cfa9-444e-9538-7675388cdc1f;pollination_URTH_019;Urthu;URT110_Urthu;1;2;1;1;NA;NA;NA;NA;NA;NA;NA;6;NA;NA;NA;5;1;NA;NA;31-08-2022 03:12
37;fb209bb8-2815-4999-8e3f-39218b2184fc;pollination_URTH_019;Urthu;URT111_Urthu;1;3;0;1;NA;NA;5;NA;NA;NA;NA;10;NA;NA;NA;0;1;NA;NA;31-08-2022 14:37
32;4ab0d969-c125-4644-b207-9caccc089972;pollination_URTH_019;Urthu;URT112_Urthu;1;2;0;1;NA;NA;5;NA;NA;NA;NA;8;2;NA;NA;0;1;NA;NA;31-08-2022 05:22
33;b84e3877-87a8-43f5-b830-e0be92e98b74;pollination_URTH_019;Urthu;URT113_Urthu;1;3;0;2;NA;NA;5;50;10;NA;NA;8;NA;NA;NA;0;2;5;3;31-08-2022 13:20
38;ec2ac371-566a-42db-9951-8cc84a948f6c;pollination_URTH_019;Urthu;URT113_Urthu;1;3;1;1;NA;NA;4;NA;20;NA;NA;10;NA;NA;NA;4;1;NA;NA;31-08-2022 15:56
30;9057f330-e908-4952-9dd0-5bb8da6f8252;pollination_URTH_019;Urthu;URT114_Urthu;2;NA;NA;NA;NA;NA;NA;NA;NA;NA;NA;NA;NA;NA;NA;NA;NA;NA;NA;31-08-2022 04:07
34;28b4a6cb-6432-4a96-86cf-394ad51fdd8a;pollination_URTH_019;Urthu;URT115_Urthu;1;4;0;1;NA;NA;3;NA;NA;NA;NA;9;NA;NA;NA;0;1;NA;NA;31-08-2022 14:04
40;af66de54-2d34-470b-9a6c-cce7c538064e;pollination_URTH_019;Urthu;URT118_Urthu;1;1;0;1;NA;NA;5;10;5;NA;NA;4;8;NA;NA;0;1;NA;NA;31-08-2022 16:29
24;0c735b80-295b-4089-a314-954d361a9442;pollination_URTH_019;Urthu;URT120_Urthu;1;NA;NA;1;NA;NA;3;30;NA;NA;NA;5;NA;NA;NA;0;1;NA;NA;29-08-2022 02:09
23;c104648b-a11b-4cfe-9adb-ba21ede17039;pollination_URTH_019;Urthu;URT121_Urthu;2;NA;NA;NA;NA;NA;NA;NA;NA;NA;NA;NA;NA;NA;NA;NA;NA;NA;NA;29-08-2022 01:28
39;6f8cae81-8caf-4762-864e-c74c8ac36cfe;pollination_URTH_019;Urthu;URT122_Urthu;1;NA;NA;1;NA;NA;2;10;NA;NA;NA;5;NA;NA;NA;0;1;NA;NA;31-08-2022 16:12
