Date;Village;VDC;Crops;noofhives2054;noofhives2053;noofhives2052;yrsagonoofhives;yearsagonoofhives;honeyyield2054;honeyyield2053;honeyyield2052;yrsagoHoneyyield;yearsagoHoneyyield;HoneypriceinRs;honey_pricepermana;Honeynotes;Waxprice;Waxnotes;Nologhives;Nowallhives;Nonewtonhives;Nologtopbarhives;NoOtherhives;Loghiveseasyornot10;Wallhiveseasyornot10;Newtonhiveseasyornot10;Logtopbarhiveseasyornot;Otherhiveseasyornot10;Noofhivesbaitedinforest;Noofbeekeepersinvillage;Howmanyhivesinvillage;Diseaseseenornot10;Diseasesymptoms;Whendidthediseasecome;Whyhasthediseasecome;Medicinegivenornot10;Whatmedicine;Whenwasmedicinegiven;Howmuchmedicinegiven;Didthemedicineworkornot1;Doyoufeedyourbees10;Whatdoyoufeed;Whendoyoufeed;Insecticideusedinarea10;Whenisinsecticideused;Onwhatcrops;Beesdiedfrominsecticidepoiso;Whatdoyoudowithhivesbefore;Howdoyoumakegosard;Whendoyoumakegosard;Whendoyouapplygosard;Doyouscorchinsidehivesorno;Howdoyouextracthoney;Whendoyouinspecthives;NoofDiseasesamplestaken;Howmanycoloniesinspected;Comments;farmer_code;farmer_nr;interviewer
12-06-1998;  chaura ;chum chaura ;Ag;1;0;0;5;8;;;;4 dharni;25 dha;320;;;;;1;0;0;0;0;1;;;;;1;3;17;;;;;;;;;;1;sugar.apple.pumpkin;wienter;1;;cabbage;1;batting the hive;old comb.pure honey;sep;Mar-Apr;0;smoke given & comb cut by knife;only out side;2;;Beekeeping Training;84;1;9
12-06-1998;chaura;chum chaur;Ag;4;2;1;0;0;0;0;0;;;320;;;;;4;0;0;0;0;1;;;;;0;9;17;0;;;;;;;;;0;;;1;;;;rubbing with walnut leaves;old comb.pure honey;apri;May;0;smoke given & comb cut by knife;no;1;1;;168;2;
12-06-1998;chum;chum chaur;Ag;;5;12;30;35;;10;6;30;25;;;12 pathi rice;;1:1 pot;;;0;0;0;1;1;;;;0;4;13;1;bees die in hive;40(sal);;1;dhupi;;;;1;honey.sugar ;wienter;1;may.jun;Ag ;0;rubbing with walnut leaves;old comb.pure honey;mar;May;0;smoke given & comb cut by knife;no;;;;224;3;
12-06-1998;mohore;chum chaur;Ag;3;1;5;15;16;3dharn;2 dh.;10 dh.;20 dh;25 dh.;300;;;Rs 10 pal;;1;2;0;0;0;1;1;0;;;0;6;7;1;bees die in hive;3 yer;I dont know;1;Fish egg;;;0;0;;;;;;;rubbing with walnut leaves;honey and old comb;Fer;Mar Apr;0;smoke given & comb cut by knife;one month 2 time;;;;262;4;9
16-06-1998;kuri;gothi  chaur;Ag;2;1;;6;8;0;1dh;0;6dh;9dh;240;;12 pathi rice;;kami;2;;0;0;0;1;;;;;10;8;33;0;;;;;;;;;1;Bhuku;nov-Dec;0;;;;rubbing with walnut leaves;old comb.pure honey;Fer;May;0;smoke given & comb cut by knife;2 time in year;;;training.bees mediciens;56;5;9
16-06-1998;gothi gaun;gothi  chaur;Ag;4;2;1;7;24;;7dh;3dh;14dh;48dh;240;;;Nep;1:1pot;4;;0;0;0;1;;;;;12;13;49;;;40 sal;;;;;;0;0;;;0;;;;rubbing with walnut leaves;old comb.pure honey;mar-apr;Mar-Apr;1;smoke given & comb cut by knife;time-time;;;hive making training.disease control;126;6;9
18-06-1998;gargang kot;gargang kot;Ag;5;2;8;2;;;4;7;3;;;100;12pathi;1:1 pot;Neplajung;2;;0;0;0;1;;;1;;2;8;16;1;drood died;;poison (insecticide?);;;;;;0;;;1;;veg;1;rubbing with walnut leaves;old comb.pure honey;fer;Mar-Apr;0;smoke given & comb cut by knife;time-time;;;;102;7;9
05-06-1998;ghodesim;patmara;Ag;0;2;0;3;8;;2;0;3;12;;;12 pathi rice;1:1 pot;Neplajung;;;0;0;0;;;;;;4;40;70;0;bees black;2030;poison (insecticide?);;;;;;1;bhuku, pumpkin;Jan-Mar;;;veg;;cleaning and rubbing gosard;old comb.pure honey pollen.wild rose flower;mar-apr;Mar-Apr;0;smoke given & comb cut by knife;;;;neet to learn beekeeping;8;8;8
05-06-1998;ghodesim;patmara;Ag;1;5;5;2;1;;8;15;4;2;;;12 pathi rice;;100gm Rs 40;6;;0;0;0;1;;;;;7;9;19;0;bees black;may-jun;;1;dhupi;;;1;1;bhuku, pumpkin,sugar solution;Jan-Mar;;jun-july;veg .apple;1;rubbing with walnut leaves and ghosad or pure honey;honey and old comb.rice or dhupi and wal not life;mar-apr;Mar-Apr;0;smoke given & comb cut by knife;some time;1;1;Time time visit ,disease control;109;9;9
05-06-1998;urthu;patmara;Ag;19;1;0;12;14;1;0;0;20;30;320;;12 pathi rice;1:1 metal;Neplajung;19;;0;0;0;1;;;;;10;11;58;1;dead larvae carried out of the hive;2040;;;;;;;1;honey;Jan-Mar;1;time time;veg .apple;;fire the new hive only;old comb.pure honey;mar-apr;May;1;smoke given & comb cut by knife;jan-mat;;;training.group division;12;10;9
04-06-1998;patmara;patmara;Ag;1;1;;;;;1;;;;;;;;;1;;0;0;0;1;;;;;4;1;;;;;;;;;;;1;honey;;;;;;batting the walnot life and ghosad or peur honey;;mar-apr;;;smoke given & comb cut by knife;;;;;117;11;9
03-06-1998;patmara;patmara;Ag;1;2;17;25;4;1;3;17;;3;;;12pathi;;1:1 iron;1;;0;0;0;1;;;;;;6;6;1;bees black;20'45 baisak;;1;Harbal;;1 tea spo;0;1;buckwheat, pollen.apple;Jan-Feb;1;may.jun;veg;0;batting the walnot life and ghosad or peur honey;honey and old comb.rice or dhupi and wal not life;feb-mar;May;0;smoke given & comb cut by knife;1 time;;;mor time not openini;136;12;9
04-06-1998;;patrasi;Ag;2;1;1;2;5;;;;3;5;300;;12 pathi rice;;1.1 pot;2;;0;0;0;1;;;;;1;8;22;;;2036; ;;;;;;1;bhuku, bhutan = forest fruit concentrate , pumpkin;winter;0;;;;rubbing with walnut leaves and ghosad or pure honey;honey and old comb;mar,apri;Mar to Aug;0;smoke given & comb cut by knife;1 time of month;1;1;;43;13;9
04-09-1998;;patrasi;Ag;5;13;13;4;15;;10;12;5;40;320;;;;1.1 metal;1;;0;0;0;1;;;;;18;16;60;;;10 year;planting apple;;;;;;;;;0;;;;rubbing with walnut leaves and ghosad or pure honey;honey and old comb;mar/apri;Mar/Apr;new hive only;smoke given & comb cut by knife;1time;0;;bees save,Beekeeping training;17;14;9
14-06-1998;;patrasi;Ag;1;1;0;2;1;;1;;2;1;320;;;;1.1 pot;1;;0;0;0;0;;;;;0;14;22;1;died larvae throw out in hive;2046;o;1;dhupi smoke;;; ;1;honey, buckwheat,;nov.Dec;0;;;;rubbing with walnut leaves and ghosad or pure honey;honey and old comb;apri;Apr;0;smoke given & comb cut by knife;1 time of month;1;4;disease contral;249;15;9
13-06-1998;;patrasi;Ag;1;0;0;0;0;0;0;0;0;0;320;;;;1.1pot;1;0;0;0;0;0;;;;;4;4;14;;dead larvae carried out of the hive;;;1;dhupi smoke;;;;1;honey;nov.Dec;1;;ag;0;rubbing with walnut leaves and ghosad or pure honey;honey and old comb;apri;Apr;0;smoke given & comb cut by knife;1time;1;1;;252;16;9
13-06-1998;;patrasi;Ag;2;4;4;6;2;1;1;1;4;1;320;;12 pathi rice;;1:1pot;1;1;0;0;0;1;1;;;;0;7;8;1;bees black;8year;;Harbal;Harbal;;;1;1;honey, buckwheat,Bhuko;Dec;0;0;;0;rubbing with walnut leaves and ghosad or pure honey;honey and old comb;apr/may;Apr/May;0;smoke given & comb cut by knife;some time;3;4;disease contral;169;17;9
06-09-1998;gothi gaun;gothichaur;Ag;45;45;60;70;80;0;30;;;;300;;;;;23;22;0;0;0;1;;;;;;;;;;;;;;;;;;;;;;;;rubbing with walnut leaves and ghosad or pure honey;;;;;smoke given & comb cut by knife;;;;disease contral,Training;90;18;9
06-09-1998;gothi gaun;gothichaur;Ag;5;9;25;15;5;0;0;4;0;0;200;;;;;5;;0;0;0;0;0;0;;;0;8;83;0;;5year;;;;;;;1;honey;;;;;;rubbing with walnut leaves and ghosad or pure honey;honey and old comb;feb/may;Feb/May;0;smoke given & comb cut by knife;2 time a month;;;training;211;19;9
15-06-1998;gadigaun;gothichaur;Ag;15;35;70;100;70;;10;45;80;35;250;;12 pathi rice;;;15;;0;0;0;0;;;;;40;4;51;1;bees black;4year;0;dhupi;;;;0;1;bhuku  honey , pumpkin;Nov Dec;0;0;;;rubbing with walnut leaves and ghosad or pure honey;honey and old comb;may;May;new hive;smoke given & comb cut by knife;1 time of month;;;;144;20;9
08-06-1998;murulli;gothichaur;Ag;1;3;0;6;;;;;6;;300;;;;;1;;0;0;0;1;;;;;;7;28;0;;8year;;;;;;;1;bhuku, honey , pumpkin;;;;;;rubbing with walnut leaves and ghosad or pure honey;honey and old comb;may-jun;May-June;;smoke given & comb cut by knife; ;1;;;131;21;9
08-06-1998;murulli;gothichaur;Ag;5;2;1;9;4;;3;1;12;5;300;;;kami;;5;;0;0;0;1;;;;;;7;28;1;abscoding;3 year;Apple planting;;;; ;;1;bhuku, honey , pumpkin,Brown sugar;Nov Dec;0;;;;rubbing with walnut leaves and ghosad or pure honey;honey and old comb;apri-may;Apr-May;only new hive;smoke given & comb cut by knife;;1;1;medi.training;164;22;9
15-06-1998;muni;gothichaur;Ag;15;25;25;25;25;;20;20;20;25;;;12pathi rice;;1:1pot;13;2;0;0;0;0;1;;;;4;11;45;;dead larvae carried out of the hive;2053;;;;;;;;;;0;;;;rubbing with walnut leaves and ghosad or pure honey;honey and old comb;apri-may;Apr-May;only new hive;smoke given & comb cut by knife;;2;2;training.control disease;167;23;9
05-06-1998;p gadigaun;gothichaur;Ag;26;60;60;80;26;;16;20;60;16;250;;;;2:1 pot;26;;0;0;0;1;0;;;;40;4;51;1;Bees died;3 year;cold;1;dhupi;;;;0;;;0;;;;rubbing with walnut leaves and ghosad or pure honey;pure honey and old comb;mar-apr;Apr-May;0;smoke given & comb cut by knife; ;;2;medicien;91;24;9
06-09-1998;p gadigaun;gothichaur;Ag;11;2;0;0;0;;2;;;;250;;;;;11;;0;0;0;1;;;1;;;8;126;;;;;;;;;;;;;1;;mustard;1;rubbing with walnut leaves and ghosad or pure honey;honey and old comb;apri;Apr;1;smoke given & comb cut by knife;some time;;;;152;25;9
06-06-1998;Lorpa;dillichaur;Ag;1;1;9;25;;;;9;25;;;;12pathi rice;;1:1 iron;9;;0;0;0;0;;;;;;8;13;;sour smel .dead larvae carried out of the hive;2052;;;;;;;;;;1;march;veg mustard;;rubbing with walnut leaves and ghosad or pure honey;honey and old comb;apri-may;Feb;0;smoke given & comb cut by knife;;1;;beekeeping training medi;202;26;9
07-06-1998;Lorpa;dillichaur;Ag;0;0;4;3;30;;;5;0;20;;;12pathi rice;;1:1metal;;;;0;0;1;;;;;1;1;2;1;Bees died;2053;;;;;;;1;sugar. pum;Jan-Feb;1;;veg mustard;;rubbing with walnut leaves and ghosad or pure honey;honey and old comb;apri-may;Apr-May;1;smoke given & comb cut by knife;some time;0;1;Equpment;10;27;9
08-06-1998;lamri;dillichaur;Ag;0;0;2;3;7;0;;;4;6;200;;;;;;;0;0;0;1;;;;;6;5;14;;;6year;;;;;;;1;apple. sugar. pum;Jan-Feb;1;;veg;1;cleaning and rubbing gosard;old comb.pure honey polon.wild rose flower ,devdar;apri-may;Apr-May;;smoke given & comb cut by knife;some time;;1;beekeeping training .medicien;257;28;9
08-06-1998;lamri;dillichaur;Ag;10;6;1;;;;2;1;;;340;;;;;1;;0;0;0;1;;;;;;4;13;;;;;;;;;;1;honey. apple;;0;;;;rubbing with walnut leaves and ghosad or pure honey;honey and old comb;apri-may;Apr-May;new hive;smoke given & comb cut by knife;2 time a year;;;;162;29;9
08-06-1998;tirkhu;dillichaur;Ag;1;1;;;;;1;;;;300;;;;;1;;0;0;0;1;;;;;;7;14;;;15 year;;;;;;;1;honey.pollen;Jan-Feb;1;;mustard;1;cleaning and rubbing gosard;honey and old comb;may;May;0;smoke given & comb cut by knife;3 time a year;1;3;training;239;30;9
08-06-1998;tirkhu;dillichaur;Ag;5;3;1;;;;3;4;;;300;;;;1:1metal;5;;0;0;0;1;;;;;;7;14;;;15 year;;;;;;;0;;;0;;;;cleaning and rubbing gosard;honey and old comb;may;May;0;smoke given & comb cut by knife;sometime;1;3;;210;31;9
11-06-1998;luma;dillichaur;Ag;0;2;4;1;;;4;;4;;;;12pathi rice;own use;140 kg;;;0;0;0;1;;;;;3;9;19;1;;2048;;;;;;;1;honey. apple;Dec-Feb;1;;apple;;rubbing with walnut leaves and ghosad or pure honey;honey and old comb;mar-apri;Apr;;smoke given & comb cut by knife;;2;6;training;67;32;9
11-06-1998;luma;dillichaur;Ag;1;;4;18;9;1;;4;9;7;300;;;;1:1 pot;1;;0;0;0;;;;;;;6;18;;;;;;;;;;1;Bhuko;;0;;;;rubbing with walnut leaves and ghosad or pure honey;honey and old comb;mar-apri;Apr;0;smoke given & comb cut by knife;1time of year;;;top bar hive training;87;33;9
11-06-1998;chaur;chaum chaur;Ag;2;2;2;7;10;;;;14;18;300;;16 patni;;;2;;0;0;0;1;;;;;;8;;1;;10 year;;;;;;;0;;;1;;ag;;rubbing with walnut leaves and ghosad or pure honey;honey and old comb;apri-may;Apr-May;0;smoke given & comb cut by knife;some time;1;2;training;226;34;9
11-06-1998;mahari;chaum chaur;Ag;3;;6;;;;;8;;;320;;16 patni;;;;3;0;0;0;;;;;;;7;9;1;dead larvae carried out of the hive;10 year;;;;;;;;;;;;;;rubbing with walnut leaves and ghosad or pure honey;honey and old comb;aapri;Apr;;smoke given & comb cut by knife;;;;;95;35;9
02-09-1998;chaur;chaum chaur;Ag;5;2;1;;;;2;;;;250;;;;;5;;0;0;0;;;;;;1;5;17;;;9 year;;;;;;;0;;;;;;;rubbing with walnut leaves and ghosad or pure honey;honey and old comb;may-jun;May-June;1;smoke given & comb cut by knife;;2;5;bee disease control;37;36;9
13-06-1998;pere;patrasi;Ag;1;;;;;;;;;;320;;;;1:1 pot;1;;0;0;0;1;;;;;;4;14;;;8 year;;;;;;;1;honey. bhuku;Dec-Jan;1;;ag;;cleaning and rubbing gosard;honey and old comb;mar-apri;Mar-Apr;0;smoke given & comb cut by knife;;;1;;253;37;9
13-06-1998;talphi;patrasi;Ag;2;4;4;6;2;1;1;1;4;1;320;;12pathi rice;;1:1 pot;1;1;0;0;0;1;1;;;;2;7;14;1;bees black;8 year;local med;;;;;a little;1;honey Buckwheat;Dec;0;;;;rubbing with walnut leaves and ghosad or pure honey;honey and old comb;apri-may;Apr-May;;smoke given & comb cut by knife;;;4;;169;38;9
14-06-1998;s.gadigaun;patrasi;Ag;2;1;1;2;5;;;;3;5;300;;12pathi rice;;1:1 pot;2;;0;0;0;1;;;;;1;8;22;;;;;;;;;;1;honey Buckwheat;winter;;;;;rubbing with walnut leaves and ghosad or pure honey;honey and old comb;march;March;;smoke given & comb cut by knife;;1;1;;35;39;9
14-06-1998;s.gadigaun;patrasi;Ag;1;1;2;1;1;;1;;2;1;320;;;;1:1 pot;1;;0;0;0;0;1;;;;;14;22;1;dead larvae carried out of the hive;46 year;;;;;;;1;honey.pumpkin;winter;0;;;;rubbing with walnut leaves and ghosad or pure honey;honey and old comb;apri;Apr;0;smoke given & comb cut by knife;some time;1;4;bee disease control;248;40;9
21-07-1998;talphi;patrasi;Ag;2;4;9;4;30;;5;18;9;35;320;;;;;2;;0;0;0;1;;;;;2;9;18;1;dead larvae carried out of the hive;15 year;plnting apple;;;;;;1;pure honey;Dec-Jan;;;;;rubbing with walnut leaves and ghosad or pure honey;honey and old comb;apri;Apr;0;smoke given & comb cut by knife;;2;;suprvision monthly;48;41;9
04-09-1998;talphi;patrasi;Ag;5;13;13;4;15;;10;13;5;40;320;;;;1.1 metal;1;;0;0;0;1;;;;;18;16;60;;;10 year;planting apple;;;;;;;;;0;;;;rubbing with walnut leaves and ghosad or pure honey;honey and old comb;mar/apri;Mar/Apr;0;smoke given & comb cut by knife;1time;0;;bees save;17;42;9
24-05-1998;mahat;mahat;Ag;1;1;3;;;3;3;3;;;240;;;;;1;;0;0;0;0;;;;;;6;9;mahamari;bees died in hive;2051;;;;;;;1;apple jam, pumpkin;Jan-Mar;1;;veg.apple;;batting the walnot life and honey;honey and old comb;;;1;smoke given & comb cut by knife;;;;disease control.hive making training;187;43;9
20-06-1998;raka;tatopani;Ag;4;3;1;;25;;4;2;0;16;240;;;;home use;4;;0;0;0;;;; ;;5;2;4;;;2040;;;;;;;1;honey;Jan-Mar;1;;ag;0;rubbing with walnut leaves and ghosad or pure honey;honey and old comb walnot life;may-jun;May-June;0;smoke given & comb cut by knife;2 time 1 Year;;;tiaining;89;44;12
04-06-1998;rini;patmara;Ag;1;1;0;60;30;;1;;120;50;240;;;;1:1 copper;1;;0;0;0;0;;;;;80;6;19;1;dead larvae carried out of the hive;2038;;;;;;;;;;1;;mustard;;rubbing with walnut leaves and ghosad or pure honey;honey and old comb;apri;May-June;0;smoke given & comb cut by knife;;;;bee disease control;116;45;4
04-06-1998;patmara;patmara;Ag;0;6;7;17;0;;9;15;20;;;;12 pathi rice;;2:1 metal;6;;0;0;0;0;;;;;9;10;12;1;absconding;2039;;;;;;;1;honey;winter;0;;;;rubbing with walnut leaves and ghosad or pure honey;honey and old comb;march;June;;smoke given & comb cut by knife;;;1;c;99;46;4
04-06-1998;patmara;patmara;Ag;2;4;8;0;0;3;5;0;0;0;400;;;;;1; ;0;0;0;;;;;;8;7;10;0;;5052;;1;Tera;;;no;;;;;;;;rubbing with walnut leaves and ghosad or pure honey;honey and old comb rice;mar;Mar;1;smoke given & comb cut by knife;some time;1;2;;112;47;4
05-06-1998;urthu;patmara;Ag;21;14;2;1;1;0;17;3;1;1;300;;12 pathi rice;;;21;;0;0;0;0;;;;;;11;58;1;dead larvae carried out of the hive;2044;cold;;;;;;1;honey;winter;1;;veg apple;;rubbing with walnut leaves and ghosad or pure honey;honey and old comb;feb;Apr;0;smoke given & comb cut by knife;1time 1mon.;;;Beekeeping  training ,disease contral;179;48;4
05-06-1998;urthu;patmara;Ag;1;0;6;16;16;1.5kg;0;6;8;10;100;;12 pathi rice;;1:1 pot;1;;0;0;0;0;;;;;3;8;59;;;2048;;;;;;;1;sugar,brown sugar;Dec;;;;;rubbing with walnut leaves and ghosad or pure honey;honey and old comb;dec;Apr;0;smoke given & comb cut by knife;2 time1year;;;;68;49;4
12-06-1998;mohore;chum chaur;Ag;6;1;1;0;0;;5;2;0;0;320;;;;;2;;0;0;0;1;;;;;4;7;17;;;2043;;;;;;;0;bhuku, honey , pumpkin;winter;;;;;rubbing with walnut leaves and ghosad or pure honey;honey and old comb;mar;Mar;;smoke given & comb cut by knife;;;;;85;50;4
12-06-1998;mohore;chum chaur;Ag;5;1;1;35;12;;2;2;50;21;300;;;;;2;3;0;0;0;0;1;;;;;6;14;;;2050;;;;;;;0;;;;;;;rubbing with walnut leaves and ghosad or pure honey;honey and old comb;apri;Apr -May;0;smoke given & comb cut by knife;1month 2 time;;;;98;51;4
12-06-1998;huri;chum chaur;Ag;2;4;3;;;;;4;;;;;12 pathi rice;;;2;;0;0;0;1;;;;;;5;7;;;2040;;;;;;;0;;;;;;;rubbing   ghosad or pure honey;honey and old comb;apri ;May;;smoke given & comb cut by knife;1month 2 time;1;2;;229;52;4
12-06-1998;chum;chum chaur;Ag;2;6;4;3;2;;5;4;3;2;;;12 pathi rice;pot;;2;;0;0;0;0;;;;;;4;13;1;bees black;2047;;;;;;;1;;honey;1;feb/ mar;;;rubbing with walnut leaves and ghosad or pure honey;honey and old comb;feb;Feb.Mar;;smoke given & comb cut by knife;2 time1year;;;;178;53;4
12-06-1998;chaura;chum chaur;Ag;1;2;0;0;0;0;0;0;0;0;;;;;;1;;0;0;0;1;0;;;;3;7;9;0;;2036;;;;;;;0;;;1;feb/ mar;mustard;;rubbing with walnut leaves and ghosad or pure honey;honey and old comb;apri.may;May;0;smoke given & comb cut by knife;;;;;246;54;4
12-06-1998;chaura;chum chaur;Ag;3;3;2;2;3;;1;3;6;2;320;;;;;3;;0;0;0;1;0;;;;2;3;7;0;;2036;;;;;;;1;bhuku, honey , pumpkin;winter;1;;mustard;;rubbing with walnut leaves and ghosad or pure honey;honey and old comb;mar;Apr.May;0;smoke given & comb cut by knife;some time;1;1;;86;55;4
13-06-1998;luma;dillichaur;Ag;3;8;9;17;0;;6;5;11;0;250;;;;;3;;0;0;0;0;;;;;6;5;18;0;;2048;;;;;;;1;bhuku, sugar, pumpkin;Dec-Mar;;;;;rubbing with walnut leaves and ghosad or pure honey;honey and old comb;apri;Apr;0;smoke given & comb cut by knife;0;;;;165;56;4
13-06-1998;luma;dillichaur;Ag;2;5;10;7;6;0;1;3;4;9;200;;;1:1 pot;nepalgung;2;;0;0;0;1;;;;;2;7;10;0;bees die;2045;;;;;;;0;;;;;;;rubbing with walnut leaves and ghosad or pure honey;honey and  comb;apri;May;0;smoke given & comb cut by knife;0;1;2;;59;57;4
13-06-1998;luma;dillichaur;Ag;2;2;6;6;16;;1kg;16;16;26;;;12 pathi rice;1:1pot;;2;;0;0;0;0;;;;;10;13;21;;;4year;;;;;;;1;bhuku,sugar;winter;;;;;rubbing with walnut leaves and ghosad or pure honey;honey and  comb;mar,apri;Apr;0;smoke given & comb cut by knife;0;1; ;Give training;100;58;4
14-06-1998;gadigaun;patrasi;Ag;1;1;0;0;0;1kg;1;0;0;0;300;;;1:1matel;;1;;0;0;0;0;;;;;5;8;17;;;2046;;;;;;;1;bhuku, sugar, pumpkin;winter;;;;;rubbing with walnut leaves and ghosad or pure honey;honey and  comb ,gira ,lawang;mar,apri;Mar,Apr;;smoke given & comb cut by knife;some time;;;top bar hive making  training /T T visit;192;59;4
13-06-1998;pere;patrasi;Ag;1;2;0;0;0;;1;;;;300;;;1:1 pot;;;1;0;0;0;0;1;;;;11;7;14;1;bees black, EFB;10 year;;;;;;;1;honey,pumpkin;Dec;1;;veg,crops;;rubbing with walnut leaves and ghosad or pure honey;honey and  comb;mar,apri;Mar,Apr;0;smoke given & comb cut by knife;some time;3;4;;235;60;4
13-06-1998;pere;patrasi;Ag;2;2;0;0;0;0;0;0;0;0;320;;;;;1;1;0;0;0;0;1;;;;6;2;4;;;10 year;;;;;;;1;bhuku, sugar, pumpkin;winter;;;veg,crops;;rubbing    ghosad  ;honey and old comb;apri;Apr;0;smoke given & comb cut by knife;some time;;;;119;61;4
13-06-1998;tlphi;patrasi;Ag;3;5;1;7;8;;5;1;6;10;;;12 pathi rice;1:1 pot;;3;;0;0;0;1;;;;;4;10;;0;bees black;2050;;;;;;;0;;;1;;veg,crops;;rubbing with walnut leaves and ghosad or pure honey;honey and old comb;apri-may;May-June;0;smoke given & comb cut by knife;1-2 tima a month;;;;21;62;4
10-06-1998;murulli;gothichaur;Ag;6;3;0;22;16;;4;0;22;16;200;;12 pathi rice;1:1 pot;nepalgung;6;;0;0;0;1;;;;;;7;28;0;bees abconding;10 year;;;;;;;1;pure honey & pumpkin;winter;;;;;rubbing with walnut leaves and ghosad or pure honey;honey and old comb;may;May-June;;smoke given & comb cut by knife;1-2 tima a month;;1;;245;63;4
10-06-1998;murulli;gothichaur;Ag;3;3;0;0;0;;2;0;0;0;200;;12 pathi rice;;;3;;0;0;0;1;;;;;3;7;28;;;;;;;;;;1;brown sugar,Pumpkin;Dec-Jan;;;;;rubbing with walnut leaves and ghosad or pure honey;honey and old comb;may-jun;June;0;smoke given & comb cut by knife;1-2 tima a month;;1;beekeeping training;19;64;4
10-06-1998;murulli;gothichaur;Ag;6;2;0;0;0;;4;0;0;0;300;;12 pathi rice;;;6;;0;0;0;1;;;;;;7;28;0;food problem;;;;;;;;1;pumpkin /bhuku;;1;;apple;;;honey and old comb;july -aug;July -Aug;;smoke given & comb cut by knife;1 time a year;;;beekeeping training;30;65;4
14-06-1998;chatra;gothichaur;Ag;3;7;4;2;5;;1;6;1;4;300;;;;;3;;0;0;0;1;;;;;3;9;12;0;;now;;;;;;;;;;;;;;rubbing    ghosad  ;honey and old comb;july -aug;July -Aug;0;smoke given & comb cut by knife;1-2 tima a month;1;3;attendance;186;66;4
16-06-1998;kudi;gothichaur;Ag;5;2;0;14;6;0;1;0;0;4;340;;12 pathi rice;;;5;;0;0;0;1;;;;;15;8;32;1;EFB;2045;;;;;;;;;;;;;;rubbing    ghosad  ;honey and old comb;feb;'Apr-May;;smoke given & comb cut by knife;2time ayear;;;beekeeping training&attendance;190;67;4
16-06-1998;gadigaun;gothichaur;Ag;2;1;4;2;12;;3;1;4;15;240;;;;;2;;0;0;0;1;;;;;16;14;39;;;2year;;;;;;;0;;;0;;;;rubbing    ghosad  ;honey ghee and old comb;may;May;1;smoke given & comb cut by knife;1-2 tima a month;;;hive makaing training;70;68;4
17-06-1998;gothichaur;gothichaur;Ag;17;3;31;30;16;;;40;35;30;300;;;;;11;6;0;0;0;0;1;;;;31;3;13;1;EFB;5year;;;;;;;1;pumpkin /bhuku;Jan;0;;;;rubbing    ghosad  ;honey and old comb;apri;Apr;1  -new;smoke given & comb cut by knife;1-2 tima a month;;;;244;69;4
15-06-1998;muni;gothichaur;Ag;3;1;0;0;0;;1;;0;;250;;12 pathi rice;;;1;2;0;0;0;0;1;;;;3;11;45;;;10year;;;;;;;;;;;;;;rubbing    ghosad  ;honey and old comb;july -aug;July -Aug;1  -new;smoke given & comb cut by knife;1-2 tima a month;;;;254;70;4
08-06-1998;tirkhu;dillichaur;Ag;2;4;6;0;1;2;6;6;0;4;300;;;1:1pot;;2;;0;0;0;0;;;;;0;7;15;1;;2048;queen died;0;0;0;0;0;0;0;0;0;0;0;;rubbing with walnut leaves and ghosad or pure honey;honey and old comb;jun;June;;smoke given & comb cut by knife;;1;3;;11;71;4
08-06-1998;tirkhu;dillichaur;Ag;1;5;2;7;9;;7;1;0;12;200;;;;;1;;0;0;0;0;;;;;0;7;15;;;4year;queen died;0;0;0;0;0;0;0;;;;;;clean hive rubbing ghosed;honey and old comb;may-lun;May -Jun;;smoke given & comb cut by knife;1 month 1or 2 time;1;3;;106;72;4
08-06-1998;dillichaur;dillichaur;Ag;2;11;10;0;0;;16;7;0;0;250;;;;kami;1;;0;0;0;1;;;;;0;1;2;;bees black;5 years;;;;;;;1;pumpkin brown sugar;March-April;1;;mustard;;rubbing with walnut leaves and ghosad or pure honey;honey and old comb;march-apri;March-Apr;;smoke given & comb cut by knife;2 month 3 time;;;training . suparvision.attendance ;57;73;4
08-06-1998;lamri;dillichaur;Ag;1;0;22;5;5;;0;70;12;10;50;;12 pathi rice;1:1pot;;1;;0;0;0;0;;;;;7;4;13;1;bees died dead larvae carried out of the hive;2048;;;;;;;;;;1;may;mustard apple;1;rubbing with walnut leaves and ghosad or pure honey;honey and old comb;dec;March-Apr;1;smoke given & comb cut by knife;;;;medicine making training;62;74;4
07-06-1998;jmna;dillichaur;Ag;1;0;4;1;0;0.5 kg;0;1;5;;240;;12 pathi rice;;;1;;0;0;0;0;;;;;;4;8;;;2039;apple planting;;;;;;1;honey ;Dec-May;;;;;rubbing with walnut leaves and ghosad or pure honey;honey and old comb;may;May;;smoke given & comb cut by knife;2 month 3 time;;;;176;75;4
07-06-1998;Lorpa;dillichaur;Ag;1;1;1;0;0;;;;;;;;;;;1;;0;0;0;1;;;;;5;8;18;1;bees died, dead larvae carried out of the hive bees black;6 year;;;;;;;1;sugar solution;winter;1;;mustard;;rubbing with walnut leaves and ghosad or pure honey;honey and old comb;feb-may;May;;smoke given & comb cut by knife;1-2 tima a month;;1;beekeeping training;255;76;4
19-06-1998;kumri;depalgaun;Ag;2;2;8;9;5;;;10;9;8;240;;;;;2;;0;0;0;0;;;;;5;10;15;0;;2 years;;;;;;;;;;;;;;rubbing with walnut leaves and ghosad or pure honey;honey and old comb;jun;June;;smoke given & comb cut by knife;;;;;250;77;4
20-06-1998;depalgaun;depalgaun;Ag;1;0;0;0;0;;;;;;300;;;;;1;;0;0;0;0;;;;;;6;20;0;;2040;;;;;;;1;pumpkin brown sugar honey ;winter;1;;mustard apple veg;;rubbing with red soil and ghosad or pure honey;honey and old comb ,wield rose;jun;June;1;smoke given & comb cut by knife;1 month 1or 2 time;;;;40;78;4
18-06-1998;garjangakot;garjangakot;Ag;7;5;1;16;1;;30;3;16;1;300;;;;;4;3;0;0;0;0;1;;;;;5;20;1;;2040;;1;chille smoke;aug-sep;;1;1;honey;winter;1;;mustard;1;rubbing with walnut leaves and ghosad or pure honey;honey and old comb cow ghee;may;June;;smoke given & comb cut by knife;1 month 1or 2 time;;;beekeeping training;140;79;4
24-05-1998;tlichaur;chandan natha;Ag;0;0;0;4;10;0;0;0;10;14;200;;;;;10;;0;0;0;0;;;;;5;0;0;;;3 years;;;;;;;1;pumpkin brown sugar;winter;0;;;;clean hot water;sugar.rice  flowr;jan;Feb;1;smoke given & comb cut by knife;1year 2 or 3 time;;;saugection of farmer;251;80;4
06-07-1998;pokhari;ghedemahadew;Ag;1;1;1;1;1;;2;1;1;1;240;;;1:1pot;;;1;0;0;0;;1;;;;16;9;20;0;;2045;;;;;;;1; brown sugar ;winter;1;;veg;0;rubbing with walnut leaves and ghosad or pure honey;comb cow ghee honey and old comb /oil;apri-oct;Apr-Oct;1;smoke given & comb cut by knife;;;;hive and disease training;184;81;4
06-07-1998;ghodesim;ghedemahadew;Ag;14;14;9;5;3;0;9;9;2;2;240;;;1:1pot;;5;9;0;0;0;0;1;;;;9;12;32;;;2040;;;;;;;1; brown sugar ;winter;0;0;0;;rubbing ghosad;comb cow ghee honey and old comb /oil;july;July;1;smoke given & comb cut by knife;1 month 1or 2 time;;;hive making training;104;82;4
06-09-1998;sudi;ghedemahadew;Ag;16;14;25;12;12;;;25;12;12;200;;;1:1pot;;;16;0;0;0;0;1;;;;9;19;40;0;;5 year;;;;;;;;;;;;;;rubbing ghosad;honey and old comb;may;June;;smoke given & comb cut by knife;1 month  1 time;2;14;hive making training;155;83;4
07-09-1998;pokhari;ghedemahadew;Ag;12;6;8;15;9;;6;8;30;9;200;;;;;5;7;0;0;0;0;1;;;;50;9;25;0;bees died outside;2040;;;;;;;1; brown sugar ;winter;;;;;rubbing with walnut leaves and ghosad or pure honey;honey and old comb;apri-may;Apr-May;1;smoke given & comb cut by knife;;;;;60;84;4
07-07-1998;dhipu;malikathata;Ag;4;1;0;7;7;;;0;7;7;200;;;1:1pot;;;4;0;0;0;1;;;;;9;21;119;0;bees died outside;2044;;;;;;;1;bhuku' brown sugar ;winter;0;;;;rubbing with walnut leaves and ghosad or pure honey;comb cow ghee honey and old comb /oil;apri-may;Apr-May;1; cudemulo smoke given & comb cut by knife;1 month 1or 2 time;;;disease informtion .hive making training;75;85;4
08-07-1998;m. khopri;malikathata;Ag;3;8;0;20;0;;2;0;20;0;240;;;1:1pot;;3;5;0;0;0;1;1; ;;;3;7;43;0;;2040;;;;;;;0;;;;;;;rubbing   ghosad ;comb cow ghee honey and old comb /oil;apri-may;Apr-May;1;smoke given & comb cut by knife;1 month 1or 2 time;;;;157;86;4
10-07-1998;surki;tamti;Ag;5;1;0;0;0;;;;;;200;;;;;2;3;0;0;0;0;1;;;;;14;62;0;;2040;;;;;;;0;;;;;;;rubbing with walnut leaves and ghosad or pure honey;honey  ;;May;;smoke given & comb cut by knife;;2;13;;191;87;4
12-07-1998;baragaun;tamti;Ag;5;2;1;1;1;;5;2;3;;200;;;;;4;1;0;0;0;1;0;;;;4;19;39;;;2048;;;;;;;;;;;;;;rubbing with walnut leaves and ghosad or pure honey;comb cow ghee honey and old comb /oil;apri-may;Apr-May;0;smoke given & comb cut by knife;1 month 1or 2 time;;2;hive making training;166;88;4
14-07-1998;dungri;tamti;Ag;6;5;2;0;0;3;7;9;0;0;200;;;;;4;2;0;0;0;0;1;;;;;4;18;0;;2050;;;;;;;1;honey.pumpkin;winter;;;;;rubbing   ghosad ;honey and old comb;may;May;1;smoke given & comb cut by knife;;;;;230;89;4
17-06-1998;sapulli;kudari;Ag;1;1;1;0;0;0;1;;;;;;;;;;1;0;0;0;;1;;;;;2;2;;;;;;;;;;1;pumpkin;Feb-Mar;1;;rice;1;;0;;;1;;out side;;;disease control;143;90;10
17-06-1998;lumsera;kudari;Ag;1;7;5;9;1;;7;6;8;;;;;;;1;;0;0;0;1;;;;;3;2;2;0;;;;;;;;;1;honey .brown sugar;;1;;rice veg;0;rubbing with walnut leaves and ghosad or pure honey;honey and old comb .ghee;may;Aprl;1;smoke given & comb cut by knife;1-1 week;;;give the beekeeping equpment;28;91;10
17-06-1998;nuwakot;kudari;Ag;1;1;1;3;0;;1;;;;240-;;;;;1;;0;0;0;0;;;;;10;12;34;0;;2041;;;;;;;1;honey;Feb-Mar;1;;rice;0;rubbing with   ghosad or pure honey;honey /ghee;feb;Aprl;1;smoke given & comb cut by knife;;;;give the beekeeping equpment;94;92;10
17-06-1998;nuwakot;kudari;Ag;1;1;4;4;4;;1;;;;;;own use;;;1;;0;0;0;1;;;;;4;9;23;0;;2040;apple planting;;;;;;1;honey with buckwheat;Feb-Mar;0;;;;rubbing with walnut leaves and ghosad or pure honey;honey and old comb;may;June;1;smoke given & comb cut by knife;;;;beekeeping training;197;93;10
17-06-1998;dungri;kudari;Ag;2;1;1;5;5;;;;3;4;;;own use;;;2;;0;0;0;0;;;;;2;5;27;0;;2046;;;;;;;1;honey;Feb-Mar;0;;;;rubbing with walnut leaves and ghosad or pure honey;honey and old comb;apri-may;Apr-May;;smoke given & comb cut by knife;some time;;;beekeeping training;205;94;10
20-06-1998;dungri;kudari;Ag;4;2;0;7;0;;1;0;5;0;;;own use;1:1 pot;;4;;0;0;0;0;;;;;;6;28;0;;2040;;;;;;;1;honey;Jan-April;;;;;rubbing   ghosad  ;honey and old comb;apri-may;Apr-May;0;smoke given & comb cut by knife;;;;wht did bees absconding;218;95;10
19-07-1998;chulakot;kudari;Ag;2;1;0;3;0;;;;3;;;;own use;;;1;1;0;0;0;0;1;;;;0;5;16;0;bees died dead larvae carried out of the hive;2052;;;;;;;1;honey;Jan Feb;1;;apple veg;;;honey and old comb;;;;smoke given & comb cut by knife;some time;;0;medicine;181;96;10
19-07-1998;chulakot;kudari;Ag;2;1;1;9;11;;2;1;18;22;200;;;1:1pot;;1;1;0;0;0;0;1;;;;0;7;21;0;;2035;;;;;;;1;honey;Feb;0;;;; ;honey and old comb .ghee;apri may;May;0;smoke given & comb cut by knife;some time;;; beekeeping equprnent;196;97;10
19-07-1998;thapagaun;kudari;Ag;4;2;1;1;5;;3;2;0;5;250;;;1:1pot;;4;;0;0;0;0;;;;;0;2;7;0;;;;;;;;;1;honey & brown sugar;Feb ;1;;veg;0;;honey ;apri may;Apr May;0;smoke given & comb cut by knife;yes(some time);;; beekeeping equprnent&medicine;147;98;10
21-06-1998;lihi;raralihi;Ag;7;4;3;1;0;;2;3;0;0;250;;own use;1:1pot;;7;;0;0;0;0;;;;;0;6;10;0;0;2046;;;;;;;1;honey;winter;0;0;0;;;honey ,ghee  and old comb;mar apri;Mar Apr;0;smoke given & comb cut by knife;;;;disease training;158;99;10
21-06-1998;larmi;raralihi;Ag;1;0;0;0;0;0;;0;0;0;;;;;;;;0;1;0;0;0;0;1;;6;8;10;;;2042;;;;;;;;;;;;;;;;;;0;;yes;;;new beekeper;121;100;10
21-06-1998;larmi;raralihi;Ag;4;2;0;10;20;;1;;20;40;240;;;1:1pot;;4;;0;0;0;0;;;;;5;8;10;0;;2042;apple planting;0;;;;;1;honey;winter;0;;;;rubbing with walnut leaves and ghosad or pure honey;honey,ghee and old comb;apri;Apr;0;smoke given & comb cut by knife;some time;;;disease training;6;101;10
21-06-1998;rara;raralihi;Ag;2;1;1;0;0;;2;;;;;;own use;1:1pot;;;1;0;0;0;0;1;;;;3;4;5;;;;;;;;;;1;brown sugar;Jan-Feb;0;;;;rubbing with walnut leaves and ghosad or pure honey;honey and old comb;apri;Apr;0;smoke given & comb cut by knife;out side;;;disease training;105;102;10
07-09-1998;khopri;malikathata;Ag;4;2;2;0;0;;;;;;200;;;;;;;0;4;0;;;;1;;10;7;70;1;bees dead larvae carried out of the hive;2050;apple planting;;;;;;0;;;0;;;;rubbing with walnut leaves and ghosad or pure honey;honey and old comb;apri;Apr;1;smoke given & comb cut by knife;;;;top bar hive making;114;103;10
07-09-1998;khopri;malikathata;Ag;23;19;9;40;5;;5;;20;2;300;;;1:1pot;;6;;0;13;0;1;;;1;;12;7;70;0;;2050;;1;tera;2053;5cap;0;1;turnip solution;Mar-April;0;;;;rubbing     taun  ;honey and old comb,ghee;apri may;Apr May;1;cudomulo smoke given & comb cut by knife;;;;;2;104;10
17-06-1998;jarmi ;tatopani;Ag;4;7;5;1;20;;4;7;0;13;350;;;;;3;1;0;0;0;;1;;;;0;6;9;1;adult bees died;2036;apple planting;0;;;;;1;honey;Feb ;1;;rice;1;;honey and old comb;apri may;Apr May;0;smoke given & comb cut by knife;some time;;; beekeeping equprnent&medicine;81;105;10
21-06-1998;litakot;tatopani;Ag;2;1;;9;14;;3;;12;15;200;;;1:1pot;;2;;0;0;0;1;;;;;13;5;13;0;yellow brood seen ;2042;;;;;;;1;pumpkin brown sugar;Dec-Mar;1;;apple, mustard;1;rubbing with walnut leaves and ghosad or pure honey;honey and old comb;may;May;0;smoke given & comb cut by knife;;;;;207;106;10
20-06-1998;jogi bada;badaki;Ag;1;1;1;1;15;1;1;1;;12;200;;;1:1pot;;1;;0;0;0;1;;;;;2;5;10;0;;2040;;;;;;;1;honey;Mar-May;0;;;;rubbing with walnut leaves and ghosad or pure honey;honey and old comb;apri may;Apr May;0;smoke given & comb cut by knife;1 year 3 time;;;disease contral;72;107;10
06-06-1998;gidikhola;haku;Ag;4;10;13;16;35;;6;12;12;40;400;;;;;4;;0;0;0;1;;;;;2;10;20;0;;;;;;;;;1;honey;Mar-May;1;;rice;;rubbing     ghosad or pure honey;honey and old comb;may -jun;May -June;1;smoke given & comb cut by knife;;;;training;261;108;10
19-06-1998;phudar;sanigaun;Ag;5;7;6;0;0;9;12;7;0;0;300;;;1:1pot;;;5;0;0;0;0;;;;;10;26;54;1;bees black;;;;;;;;1;honey;Feb;1;;;;rubbing with walnut leaves and ghosad  ;honey and old comb;may-july;;;smoke given & comb cut by knife;1 year 2 time;;;training ,medicine;14;109;13
19-06-1998;phudar;sanigaun;Ag;2;2;1;16;26;;6;2;32;52;300;; ;1:1 pot;;2;;0;0;0;1;;;;;25;26;56;;;;;;;;;;1;honey;winter;;;;;rubbing   ghosad or pure honey;honey and old comb;may-july;May-July;;smoke given & comb cut by knife;;;;beekeeping training;60;110;13
19-06-1998;sanigaun;sanigaun;Ag;7;9;3;15;0;7;13;2;;30;350;;;;;7;;0;0;0;1;;;;;4;9;27;1;bees died dead larvae carried out of the hive;;;;;;;;;honey;;1;;veg;;rubbing  honey;honey and old comb;Jun;Jun;;smoke given & comb cut by knife;some time;;;medicine;7;111;13
19-06-1998;kadagaun;sanigaun;Ag;3;5;1;20;1;2;1;1;16;;;;;;;;;0;0;0;;;;;1;10;8;16;0;0;;;;;;;;1;pumpkin,brown sugar & honey;winter;0;;;;rubbing with walnut leaves and ghosad or pure honey;honey and old comb;july;July;1;smoke given & comb cut by knife;some time;;;medicine,equpment;4;112;13
26-10-1998;sanigaun;sanigaun;Ag;10;5;6;25;31;0;10;11;40;50;300;;;1:1pot;;10;;0;0;0;0;;;;;5;50;0;;;;;;;;;;0;0;0;0;;0;;rubbing ghosed  ;honey and old comb;apri may;Apr May;0;smoke given & comb cut by knife;0;;;  beekeeping training,medicine;200;113;13
26-10-1998;jodu;sanigaun;Ag;9;6;3;30;32;0;7;9;60;70;350;;;;;9;;0;0;0;0;;;;;0;6;13;1;bees black;2054;;;;;;;0;0;0;1;jun;veg;1;rubbing ghosed;honey and old comb;feb/mar;Feb/Mar;0;smoke given & comb cut by knife;;;;  beekeeping training,medicine,equpment;5;114;13
26-10-1998;sanigaun;sanigaun;Ag;3;3;5;;;;;;;;;;;;;3;;0;0;0;0;;;;;0;13;23;0;;;;;;;;;1;honey;winter;1;jun;;;rubbing ghosed;honey and old comb;mar;Mar;;smoke given & comb cut by knife;;;;  beekeeping training,medicine,equpment;145;115;13
09-09-1998;sanigaun;sanigaun;Ag;8;2;4;0;7;20;0;0;0;0;300;;;;;8;;0;0;0;0;;;;;1;21;81;1;bees died dead larvae carried out of the hive;;;;;;;;0;;;;;;;rubbing ghosed; pure honey;apri may;Apr May;0;smoke given & comb cut by knife;;1;6;  beekeeping training,medicine;258;116;13
06-09-1998;phumra;sanigaun;Ag;2;0;0;0;0;0;0;0;0;0;;;;;;2;;0;0;0;0;;;;;0;4;8;1;bees died;0;;;;;;;1;honey;winter;0;;;;rubbing ghosed;honey and old comb;apri may;Apr May;0;smoke given & comb cut by knife;;;;;198;117;13
05-09-1998;baidara;sanigaun;Ag;1;3;3;6;0;3;6;5;5;0;300;;;1:1 pot;;1;;0;0;0;1;;;;;6;14;20;0;0;;;;;;;;;;;;;;;rubbing ghosed;honey and old comb;feb;Feb;0;smoke given & comb cut by knife;some time;;;  beekeeping training,medicine;107;118;13
16-06-1998;baw;narakot;Ag;4;7;11;18;19;7;7;50;60;100;250;;;1:1 pot;;4;;0;0;0;1;;;;;;4;8;;bees black,died;3year;apple planting;1;ancient pure honey;feb;;1;1;pumpkin,brown sugar & honey;Feb-April;1;;veg;;rubbing ghosed;honey and old comb;apri may;Apr May;1;smoke given & comb cut by knife;;;;Hive make training ,medicine;20;119;13
17-06-1998;bare;narakot;Ag;7;3;2;2;0;;4;4;2;0;;;;;;9;;0;0;0;1;;;;;5;17;57;1;bees black,died;3year;;;ancient pure honey;;;1;1;pumpkin,brown sugar & honey;Feb-April;1;;veg;;rubbing ghosed;honey and old comb;apri may;Apr May;0;smoke given & comb cut by knife;;;;  beekeeping training,medicine ,equpment;45;120;13
28-10-1998;mathi gothi;narakot;Ag;2;4;;;;;;;;;;;;;;2;;0;0;0;0;;;;;20;5;9;1;bees died dead larvae carried out of the hive;2-3 year;hot -cold;;;;;;0;;;0;;;;rubbing     ghosad  ;honey and old comb;apri may;Apr May;;;;;;training , medicine ,;26;121;13
29-10-1998;bhuli;narakot;Ag;2;;;;;1;;;;;;;;;;3;;0;0;0;1;;;;;6;6;9;0;;;;;;;;;1;pure honey;Feb-April;0;;;;rubbing wax;;;;0;smoke given & comb cut by knife;;;;training , medicine ,equipment;149;122;13
01-06-1998;riya;bumra madichaur;Ag;12;4;2;3;2;2;2;1;4;1;;;;;;12;;0;0;0;0;;;;;65;65;65;1;;;;;;;;;0;;;;;;;rubbing     ghosad  ;honey and old comb;may-jun;;0;smoke given & comb cut by knife;1 year 3time;;;training;161;123;13
01-06-1998;bhiwnawla;bumra madichaur;Ag;5;2;1;10;10;2;6;8;30;32;;;12 pathi rice;1:1 pot;;5;;0;0;0;0;;;;;16;9;45;;0;;;;;;;;0;;;0;;;;rubbing with walnut leaves and ghosad or pure honey;honey and old comb;may-jun;May-June;0;smoke given & comb cut by knife;;;;disease control;146;124;13
02-06-1998;bumra;bumra madichaur;Ag;4;4;4;12;21;0;0;0;10;8;;;;1:1 iron;;4;;0;0;0;1;;;;;4;4;10;0;bees black,died;;;;;;;;;;;;;;;rubbing with walnut leaves and ghosad or pure honey;honey and old comb;feb;May;0;smoke given & comb cut by knife;some time;;;training;44;125;13
02-06-1998;netala;bumra madichaur;Ag;1;0;0;0;0;0;0;0;0;;;;;1:1 iron;;1;;0;0;0;0;;;;;12;11;11;1;'bees black;;;;;;;;;;;1;;veg;1;rubbing with walnut leaves and ghosad or pure honey;honey and old comb;apri may;Apr May;0;smoke given & comb cut by knife;some time;;;disease control;139;126;13
02-06-1998;sipti;bumra madichaur;Ag;7;20;4;20;21;5;20;4;21;30;300;;12 pathi rice;;;7;;0;0;0;1;;;;;12;7;43;0;;;;;;;;;;;;0;;;;rubbing with walnut leaves and ghosad or pure honey;honey and old comb;apri may;Apr May;0;smoke given & comb cut by knife;;;;training;135;127;13
05-06-1998;chutha;bumra madichaur;Ag;9;15;14;25;2;20;26;25;50;4;200;;;1:1 pot;;9;;0;0;0;0;;;;;14;2;17;;;;;;;;;;;;;;;;;rubbing with walnut leaves and ghosad or pure honey;honey and old comb;apri may;Apr May;;smoke given & comb cut by knife;;;;training , medicine ,equipment;233;128;13
02-06-1998;marphan;bumra madichaur;Ag;13;18;17;8;6;16;16;18;4;5;300;;;1:1 pot;;12;1;0;0;0;0;1;;;;8;18;18;;;;;;;;;;1;buckwheat;April -May;0;;;;rubbing with walnut leaves and ghosad or pure honey;honey and old comb;apri may;June;0;smoke given & comb cut by knife;;;;training , medicine ,equipment;115;129;13
08-06-1998;jodalbada ;kanakasundari;Ag;11;8;6;2;1;26;11;6;4;2;250;;;;;3;8;0;0;0;0;1;;;;38;19;57;0;;;;;;;;;;;;;;;;rubbing with walnut leaves and ghosad or pure honey;honey and old comb;apri may;June;0;smoke given & comb cut by knife;;;;training;107;130;13
16-06-1998;legpar;kanakasundari;Ag;13;17;6;1;0;5;30;13;0;0;;;;;;6;7;0;0;0;0;1;;;;13;9;29;1;bees died dead larvae carried out of the hive;2040;;;;;;;;;;0;;;;rubbing with walnut leaves and ghosad or pure honey;honey and old comb;apri may;Apr May;;smoke given & comb cut by knife;;;;training , medicine ,equipment;220;131;13
02-06-1998;legpar;kanakasundari;Ag;3;12;13;8;10;4;4;13;10;14;300;;;;;1;2;0;0;0;1;1;;;;10;15;25;1;bees black,died;;rain fall , cold;1;pich;;;;1;brown sugar;Feb-April;1;may - jun;;;rubbing    ghosad or pure honey;honey and old comb;apri may;Apr May;;smoke given & comb cut by knife;;;;training , medicine ,equipment;185;132;13
08-06-1998;okharpata;kanakasundari;Ag;9;4;4;16;17;16;2;1;2;9;;;;;;5;4;0;0;0;;1;;;;2;12;31;0;;;;;;;;;;;;1;;veg;0;rubbing    ghosad or pure honey;honey and old comb;may-jun;May-June;1;smoke given & comb cut by knife;1 year 2 time;;;training , medicine ,equipment;34;133;13
10-06-1998;ranisen;pandagupha;Ag;4;5;3;1;7;0;7;0;1;12;;;;;;2;2;0;0;0;0;1;;;;2;5;11;1;bees black,died;;;;;;;;0;;;;;;; ;honey and old comb;mar;Apr;0;smoke given & comb cut by knife;1 year 2 time;;;training;151;134;13
06-06-1998;eip;botamalika;Ag;25;30;31;60;55;80;80;70;200;205;240;;;1:1 pot;;25;;0;0;0;0;;;;;20;1;;1;bees black,died;1 year;smoke horb;1;Smoke a harb plant;;;1;1;honey;Feb-April;0;;;;rubbing with walnut leaves and ghosad or pure honey;honey and old comb;mar;Apr;0;smoke given & comb cut by knife;some time;;;training;53;135;13
05-06-1998;jiya;botamalika;Ag;4;1;1;1;2;2;1;1;1;1;;;;;;4;0;0;0;0;1;;;;;5;7;17;0;bees black,died;;;;;;;;;;;;;;;rubbing with walnut leaves and ghosad or pure honey;honey and old comb;mar;Apr;;smoke given & comb cut by knife;some time;;;training , medicine ,equipment;222;136;13
08-06-1998;budha;birat;Ag;14;4;5;30;32;12;3;4;50;60;300;;;;;;14;0;0;0;0;1;;;;;11;66;;;;;;;;;;1;brown sugar ,turnip;;;;;;rubbing with walnut leaves and ghosad or pure honey;honey and old comb;mar;Mar;;smoke given & comb cut by knife;;;;training ,techniciyan;83;137;13
24-05-1998;bata;patmara;Ag;0;2;105;25;50;0;5;110;30;50;200;;;1:1 pot;;;;0;0;0;0;;;;;55;11;3;1;bees black,died;;smoke horb;1;Smoke a harb plant;;;1;1;apple jam;Jan-Feb;1;;veg;;;honey and old comb,weild rose;feb;June;1;smoke given & comb cut by knife;1-2 time week;;;training ,techniciyan;219;138;13
20-06-1998;jodu;sanigaun;Ag;3;3;6;12;25;;2;25;32;52;300;;;1:1 iron;;3;;0;0;0;0;;;;;3;9;27;0;brood died;2050;;;;;;;0;;;1;;veg;;  pure honey;honey  ;anay time;June;0;smoke given & comb cut by knife;winter;;;training ,techniciyan;243;139;11
26-06-1998;ruga;sanigaun;Ag;4;3;0;15;5;;6;;;5;300;;;;;4;;0;0;0;0;;;;;2;9;18;0;;2040;;;;;;;1;honey;;1;;;0;rubbing  ghosad or pure honey;honey and old comb;jun;July;0;smoke given & comb cut by knife;;;;medicine,Equpment;200;140;11
20-06-1998;kadagaun;sanigaun;Ag;3;2;3;5;1;;4;6;5;1;300;;;1:1 iron;;3;;0;0;0;0;;;;;;8;16;0;;2035;apple planting;1;koiro pag;;;;1;honey;winter;0;;;;rubbing  ghosad or pure honey;honey and old comb;may-jun;May-June;0;smoke given & comb cut by knife;some time;;;top bar hive making ,training;204;141;11
19-06-1998;sanigaun;sanigaun;Ag;4;3;0;8;0;;6;;;;200;;;1:1 iron;;4;;0;0;0;1;;;;;9;5;18;1;all died;;;;;;;;1;honey;2-Mar;0;;;;rubbing with walnut leaves and ghosad or pure honey;honey and old comb;;;;smoke given & comb cut by knife;1time;;;medicine;73;142;11
19-06-1998;phaura;sanigaun;Ag;7;4;2;7;10;;15;25;2;7;250;;;1:1 pot;;7;;0;0;0;0;;;;;25;26;54;0;;2044;;;;;;;1;honey ,pumpkin;;0;;;;rubbing with walnut leaves and ghosad or pure honey;honey and old comb;may-jun;May-June;0;smoke given & comb cut by knife;some time;;2;training , medicine ,equipment;188;143;11
17-06-1998;gothi;sanigaun;Ag;3;6;3;1;;;15;10;4;;300;;;1:1 pot;;3;;0;0;0;0;;;;;6;8;15;0;all died;3 year;;;;;;;1;honey;Feb-April;0;;;;rubbing with walnut leaves and ghosad or pure honey;honey and old comb;apri-may;Apr-May;0;smoke given & comb cut by knife;some time;;;training ,techniciyan,equpment;206;144;11
15-06-1998;legpar;kanakasundari;Ag;7;6;3;3;4;;5;4;5;7;250;;;;;7;;0;0;0;0;;;;;10;15;48;1;bees black,angry;2038;;;;;;;1;honey;Feb-April;0;;;;rubbing  ghosad or pure honey;honey and old comb;may-jun;May-June;0;smoke given & comb cut by knife;some time;;;training , medicine ,equipment;82;145;11
12-06-1998;legpar;kanakasundari;Ag;4;5;1;1;50;;1;2;1;70;240;;;;;2;2;0;0;0;1;1;;;;5;7;27;0;;;;;;;;;1;honey buckwheat bread;Feb-April;1;;veg;;'rubbing  ghosad;honey and old comb;;;;smoke given & comb cut by knife;some time;;;training ,techniciyan;63;146;11
19-06-1998;gairi;kanakasundari;Ag;0;41;12;2;0;;70;25;11;0;;;;1:1 pot;;2;;0;0;0;1;;;;;15;16;48;0;;3 year;;;;;;;1;bhuku honey;Nov-Mar;0;;;;'rubbing  ghosad;honey and old comb;feb;May;0;smoke given & comb cut by knife;1 time a month;;;training;65;147;11
08-06-1998;jodelbada;kanakasundari;Ag;14;8;4;40;9;;25;8;35;32;300;;;1:1 pot;;14;;0;0;0;0;1;;;;25;12;56;0;;2049;;;;;;;1;honey;Mar-April;0;;;;rubbing with walnut leaves and ghosad or pure honey;honey and old comb;jun -july;June -July;0;smoke given & comb cut by knife;1 time a month;;;training,Equpment;170;148;11
08-06-1998;okharpata;kanakasundari;Ag;3;2;;;;2;;;;;200;;;1:1 iron;;2;1;0;0;0;0;1;;;;10;12;32;0;;;;;;;;;1;honey;Mar-April;1;;veg;;'rubbing  ghosad;honey and old comb;jun -july;June -July;1;smoke given & comb cut by knife;;;;training , medicine ,equipment;240;149;11
14-06-1998;legpar;kanakasundari;Ag;3;7;7;9;3;;25;20;14;10;250;;;1:1 iron;;3;;0;0;0;1;;;;;10;9;29;;;2040;;;;;;;;;;;;;;rubbing with walnut leaves and ghosad or pure honey;honey and old comb;apri-may;Apr-May;0;smoke given & comb cut by knife;some time;;;training , medicine ,equipment;260;150;11
01-06-1998;dhobigat;kanakasundari;Ag;6;12;7;6;7;;23;8;7;8;200;;;sunar;;2;4;0;0;0;0;1;;;;25;5;13;0;;;;;;;;;1;honey;winter;1;;rice;0;rubbing with walnut leaves and ghosad or pure honey;honey and old comb;feb;any time;;smoke given & comb cut by knife;some time;;;training , medicine ,equipment;58;151;11
06-06-1998;laha;botamalika;Ag;6;6;6;0;36;8;0;0;0;80;;;12 pathi rice;;;8;0;0;0;0;0;;;;;25;9;45;;;;;;;;;;;;;;;;;rubbing with walnut leaves and ghosad or pure honey;honey and old comb;;;;smoke given & comb cut by knife;;;;;199;152;11
20-08-1998;botamalika;botamalika;Ag;2;2;1;35;70;0;6;2;80;140;250;;;;;2;;0;0;0;0;;;;;10;18;32;0;;;;;;;;;;barley straw / honey;Feb;1;;veg;;rubbing with walnut leaves and ghosad or pure honey;honey and old comb;apri-may;Apr-May;0;smoke given & comb cut by knife;;;;training , medicine ,equipment;163;153;11
05-06-1998;jiya;botamalika;Ag;1;3;2;5;7;;2;3;0;8;300;;12 pathi rice;;;1;;0;0;0;0;1;;;;17;7;;1;;9 year;;;;;;;1;turnip solution;Mar-April;0;;;;rubbing with walnut leaves and ghosad or pure honey;honey and old comb;apri-may;June;0;smoke given & comb cut by knife;2 time a year;;;training , medicine ,equipment;159;154;11
06-06-1998;gawatikhola;botamalika;Ag;3;4;3;8;2;;5;2;13;;250;;12 pathi rice;;;3;;0;0;0;0;;;;;9;4;10;0;;;;1;pision plant smoke;;smoke;1;1;brown sugar;Mar-April;;;;;rubbing   ghosad  ;honey and old comb;jun-july;June-July;0;smoke given & comb cut by knife;1 time a week;;;training , medicine ,equipment;265;155;11
11-06-1998;riya;bumra madichaur;Ag;5;7;4;20;30;;2;5;40;;300;;;1:1 pot;;1;4;0;0;0;0;1;;;;40;28;60;1;;;apple planting;;;;;;1;sugar ,buckwheat;Mar-April;1;;veg;1;rubbing with walnut leaves and ghosad or pure honey;honey and old comb;jun-july;June-July;1;smoke given & comb cut by knife;1time a month;;;training , medicine ,equipment;242;156;11
04-06-1998;marphan;bumra madichaur;Ag;4;4;3;2;0;4;4;4;3;0;300;;;1:1 iron;;4;;0;0;0;1;;;;;10;18;;1;bees not covering combs;5 year;;;;;;;;;;;;;;rubbing with walnut leaves and ghosad or pure honey;honey and old comb;may;June;0;smoke given & comb cut by knife;;1;;training , medicine ,equipment;212;157;11
02-06-1998;sipti;bumra madichaur;Ag;9;4;1;;;;12;2;0;0;300;;;1:1 pot;nepaljung;9;;0;0;0;1;;;;;7;6;44;0;bees black;6 year;poison  ,insecticide ;;;;;;;;;;;;;rubbing   ghosad  ;honey and old comb;feb;May;0;smoke given & comb cut by knife;;2;5;training , medicine ,equipment;46;158;11
08-06-1998;gothelbada;birat;Ag;2;3;1;0;3;0;6;2;0;6;300;;;1:1 pot;;1;1;0;0;0;0;1;;;;12;10;37;1;bees black;;cold /food problem;;;;;;1;honey;Mar;;;;;rubbing with walnut leaves and ghosad or pure honey;honey and old comb;may;May;0;smoke given & comb cut by knife;some time;1;2;training , medicine ,equipment;24;159;11
08-06-1998;budhu;birat;Ag;12;14;8;1;2;;18;22;2;4;300;;;own use;;1;11;0;0;0;0;1;;;;;11;66;0;;6 year;;;;;;;1;honey;Mar;;;;;rubbing   ghosad  ;honey and old comb;may;May;0;smoke given & comb cut by knife;some time;;;training;92;160;11
10-06-1998;ranisen;pandugupha;Ag;3;3;9;3;4;2;3;5;2;4;250;;;;;1;1;0;0;0;;1;;;;4;10;42;1;bee died lahara bees clung together;;apple flowering;;;;;;1;honey ,sugar;Feb-Mar;;;;;rubbing with walnut leaves and ghosad or pure honey;honey and old comb;apri;May;0;smoke given & comb cut by knife;0;;;medicien;25;161;11
22-06-1998;batgaun;sanigaun;Ag;5;7;2;10;25;;14;4;10;55;300;;;1:1 iron;;1;1;0;0;0;1;1;;;;15;4;8;0;;;apple flowering;;old honey;;few;1;1;old honey;Mar-May;1;;mustard;;rubbing   ghosad  ;honey and old comb;may;Apr;;smoke given & comb cut by knife;some time;;2;training;234;162;11
24-05-1998;tlichaur;chandan natha;Ag;5;2;3;7;4;10;1;6;4;2;300;;;40kg;;1;;0;0;0;1;;;;;7;2;1;0;;2040;poison  ,insecticide ;;;;;;1;bhuku,honey ,pumpkin;Jan-Feb;0;;;;rubbing   ghosad chuse plac ;honey and old comb sented thigs;jan;Feb;0;smoke given & comb cut by knife;0;;5;training , medicine ,equipment;122;163;11
17-06-1998;bare;narakot;Ag;9;3;1;6;5;;3;1;8;8;300;;;sunar;;9;;0;0;0;1;;;;;4;15;57;0;bees died in hive;;;;;;;;1;'bhuku,honey;Jan-Feb;1;;veg;;rubbing   ghosad chuse plac ;honey and old comb;may;June;0;smoke given & comb cut by knife;some time;;;training , medicine ,equipment;69;164;11
16-06-1998;gadapana;narakot;Ag;2;1;6;0;0;;2;7;;;250;;;1:1 iron;;0;2;0;0;0;0;1;;;;4;5;7;0;bees black;;apple flowering;;;;;;1;brawn sugar;Feb,Mar;1;;veg;0;rubbing ghosad;honey and old comb;;;1;smoke given & comb cut by knife;1time a month;0;0;training , medicine ,equipment;9;165;11
15-06-1998;baw;narakot;Ag;3;2;2;15;30;0;0;0;30;4;250;;12 pathi rice;1:1met;;0;3;0;0;0;0;1;;;;0;9;15;0;bees black;;;;;;;;;bhuku,honey ,pumpkin;Feb,Mar;0;;;;rubbing with walnut leaves and ghosad or pure honey;honey and old comb;may jun;May June;0;smoke given & comb cut by knife;some time;0;0;training , medicine ,equipment;145;166;11
17-06-1998;nuwakot;kudari;Ag;8;1;14;18;13;0;1;9;36;;;;own use;;;8;;0;0;0;0;;;;;4;8;30;0;sour smell;2050;;;;;;;0;;;1;;rice;0;  ghee or pure honey;honey and old comb,ghee;may;May;1;comb honey boild and escuging;;;;medicine;39;167;1
17-06-1998;nuwakot;kudari;Ag;1;;;35;;;;;35;;200;;;;;1;;0;0;0;0;;;;;12;16;40;1;black brood sour smell;2040;;;;;;;0;;;1;may;rice;0;rubbing with walnut leaves and ghosad or fire;ghee,oil,'honey and old comb;may;May;1;smoke given & comb cut by knife;1time a month;;;'training;156;168;1
09-06-1998;dungri;kudari;Ag;14;7;3;5;7;0;3;4;;7;;;12 pathi rice;1:1 iron;;13;1;0;0;0;0;;;;;;6;15;0;;2047;;;;;;;1;honey;Dec-Mar;0;;;;rubbing with walnut leaves and ghosad or cow ghee; yak ghee,'honey and old comb;may;May;;smoke given & comb cut by knife;1 year 3 time;;;'training,medicine;247;169;1
10-06-1998;dungri;kudari;Ag;7;5;2;8;16;0;1;1;7;15;;;12 pathi rice;1:1 iron;;7;;0;0;0;0;;;;;2;6;10;;;2046;;;;;;;1;honey;Feb-Mar;0;0;0;0;  ghee or pure honey;ghee,oil,'honey and old comb;may;May;;smoke given & comb cut by knife;0;;;'training;127;170;1
16-06-1998;lumsera;kudari;Ag;1;2;1;6;10;0;6;6;12;16;;;own use;1:1 iron;;;1;0;0;0;;1;;;;;;;0;;2040;;;;;;;1;brown sugar;Dec-Mar;1;;veg;0;rubbing  ghosad;ghee and honey;may;swarning time;1;smoke given & comb cut by knife;dec-nov;;;disease contral;77;171;1
17-06-1998;thapagaun;kudari;Ag;5;8;10;0;0;;6;7;;;200;;;kami;;5;;0;0;0;1;;;;;;2;9;0;;2051;;;;;;;1;honey;Dec-Mar;0;;;;rubbing  ghosad;honey and old comb;may;Apr;;smoke given & comb cut by knife;;;;;172;172;1
17-06-1998;chulakot;kudari;Ag;9;11;19;22;15;0;9;16;25;12;240;;;1:1 pot;;9;;0;0;0;0;;;;;;25;35;0;;2042;;;;;;;1;honey;Jan-Mar;0;;;;;honey and old comb walnut leaves ;apri;May;0;smoke given & comb cut by knife;2-4 time a month;;;use medicine;145;173;1
17-06-1998;chulakot;kudari;Ag;3;2;1;1;0;0;2;1;1;0;200;;;;;2;1;0;0;0;0;1;;;;;8;34;0;;;;;;;;;1;brown sugar 'honey pumpkin;Dec-Mar;1;jun;veg;0;rubbing  ghosad;ghee,oil,'honey and old comb;apri;June;;smoke given & comb cut by knife;;;;disease training;264;174;1
17-06-1998;chulakot;kudari;Ag;7;3;1;0;0;0;1;1;0;0;;;own use;;;5;2;0;0;0;1;;;;;;3;19;0;;2052;;;;;;;1;honey;Dec-Mar;;;;;rubbing with walnut leaves and ghosad or pure honey;honey and old comb;apri;swarning time;1-new;smoke given & comb cut by knife;2time a month;;;disease training;227;175;1
19-06-1998;dimkot;kudari;Ag;0;1;5;7;7;0;2;6;7;7;100;;;;;;;0;0;0;0;;;;;0;0;0;0;black brood;2050;;;;;;;1;honey;Dec-Mar;0;;;;rubbing  ghosad;honey and old comb;apri;Apr;;smoke given & comb cut by knife;;;;;228;176;1
06-06-1998;gidikhola;haku;Ag;0;2;4;8;15;0;2;4;6;25;500;;;;;0;;0;0;0;1;;;;;2;12;21;0;;2041;poison (insecticide?);;;;;;1;honey;Mar;0;;veg;;hive keeping;honey  ;nov;Apr;1;smoke given & comb cut by knife;;;;training;1;177;1
06-06-1998;gidikhola;haku;Ag;2;0;3;0-;0;0;0;1;0;0;;;;;;2;;0;0;0;1;;;;;1;20;;;;2040;;;;;;;1;brown sugar 'honey pumpkin;Dec-Jan;1;;veg;0;rubbing with walnut leaves and ghosad or pure honey;honey and old comb;mar-apri;Mar-Apr;1;smoke given & comb cut by knife;;;;mins cuage;154;178;1
24-06-1998;haku;haku;Ag;2;7;18;10;2;0;21;54;22;6;250;;own use;1:1 pot;;2;;0;0;0;0;;;;;5;;;;;2038;poison  ,insecticide ;;;;;;1;brown sugar 'honey pumpkin;Dec-Mar;1;;rice,apple;1;rubbing with walnut leaves and ghosad or pure honey;honey and old comb ghee;feb;swarning time;1;smoke given & comb cut by knife;2time a month;;;disease training;174;179;1
08-06-1998;haku;haku;Ag;1;3;4;0;5;2;4;4;0;3;;;own use;50kg;;1;;0;0;0;0;;;;;4;4;4;0;bees died outside;2038-42;;;;;;;1;brown sugar 'honey pumpkin;Dec-Mar;1;;rice,apple'veg;1;rubbing wax and ghosad or pure honey;honey and old comb ghee;aney time;Jan-Mar;1;smoke given & comb cut by knife;winter;;;bees contral a poision;214;180;1
07-06-1998;niyapani;haku;Ag;1;3;4;1;0;0;1;1;2;0;300;;;;;1;;0;0;0;0;;;;;0;3;7;0;;2038-42;poison  ,insecticide ;;;;;;1;bhuku,honey ,pumpkin;Dec-Mar;1;july;veg;1;rubbing    ghosad  ;honey and old comb;may;May;1;smoke given & comb cut by knife;2time a month;;;;133;181;1
07-06-1998;niyapani;haku;Ag;2;4;1;12;7;3;1;1;24;10;300;;;;;2;;0;0;0;0;;;;;2;5;7;0;;2039;poison  ,insecticide ;;;;;;1;honey;Feb;1;;veg;1;rubbing with walnut leaves and ghosad or pure honey;brown sugar,'honey and old comb satu;apri;Apr;0;smoke given & comb cut by knife;;;;top hive training ,disease control,group farmetion;223;182;1
07-06-1998;niyapani;haku;Ag;4;3;18;15;7;1;6;22;15;6;300;;;;;3;1;0;0;0;0;1;;;;0;7;21;;comb black;2040;poison  ,insecticide ;;;;;;1;sugar sulution;winter;0;;;;rubbing    ghosad  ;honey and old comb;apri;Oct;1;smoke given & comb cut by knife;2time a month;;;training;160;183;1
13-06-1998;niyapani;haku;Ag;6;8;10;20;10;10;10;15;0;10;500;;;;;5;1;0;0;0;0;1;;;;1;10;20;0;;2048;;;;;;;1;sugar ,honey;Dec-Mar;;;;;rubbing with walnut leaves and ghosad or pure honey;honey and old comb;wanted;Apr;1;smoke given & comb cut by knife;1 time a month;;;ninsa women touch;13;184;1
13-06-1998;niyapani;haku;Ag;2;4;8;3;10;3;6;9;1;0;250;;;sunar;;;2;0;0;0;;1;;;;2;11;20;0;;2044;poison  ,insecticide ;;;;;;1;sugar ,honey;Jan-Mar;1;;;;honey or wax;honey and old comb;need;Apr;1;smoke given & comb cut by knife;1 time a month;;;;195;185;1
15-06-1998;juita pur;haku;Ag;9;2;30;2;0;0;3;16;4;0;;;own use;;;8;1;0;0;0;0;1;;;;8;2;4;0;;2052;rice poison (insecticide?);;;;;;1;brown sugar 'honey pumpkin;Jan-Mar;0;;;;rubbing with walnut leaves and ghosad or pure honey;honey and old comb;apri;Apr;;smoke given & comb cut by knife;;;;training , medicine ,equipment;129;186;1
23-06-1998;jarmi;tatopani;Ag;2;2;0;3;0;0;3;0;5;0;;;own use;;;2;;0;0;0;0;;;;;0;5;12;0;comb black;2040;;;;;;;1;honey;winter;1;;mustard;0;rubbing    ghosad  ;honey  ;apri;May;0;smoke given & comb cut by knife;1 time a month;;;disease training;132;187;1
23-06-1998;jarmi;tatopani;Ag;3;9;2;1;1;0;9;1;1;1;;;own use;;;3;;0;0;0;0;;;;;0;4;12;1;comb black and red  brood died;2039;;;;;;;1;brown sugar 'honey pumpkin;Feb-May;1;jun;veg;1;rubbing with walnut leaves and ghosad or pure honey;;swarning time;swarning time;0;smoke given & comb cut by knife;1 time a month;;;disease training;50;188;1
23-06-1998;jarmi;tatopani;Ag;2;1;0;3;5;0;2;0;1;6;;;own use;;;2;;0;0;0;0;;;;;0;6;11;0;comb black;2040;;;;;;;1;brown sugar 'honey pumpkin;Jan-April;1;;veg 'mustard' ;1;rubbing with walnut leaves and ghosad or pure honey;honey  ;mar;Apr;0;smoke given & comb cut by knife;3-2 month 1 time ;;;disease training;217;189;1
13-06-1998;jarmi;tatopani;Ag;3;3;5;1;9;2;5;1;7;;;;own use;;;3;0;0;0;0;0;;;;;0;6;11;;;2040;;;;;;;1;honey;Jan-April;1;;rice;1;;honey and old comb walnut leaves ;apri;Apr;0;smoke given & comb cut by knife;1year 4 time;;;ligard control;134;190;1
22-06-1998;litakot;tatopani;Ag;1;0;0;7;3;0;0;0;4;3;250;;;;;;1;0;0;0;;0;;;;6;7;16;0;sour smell;2040;;;;;;;1;brown sugar 'honey pumpkin;Jan-Mar;1;;mustard,rice,veg;0;rubbing    ghosad  ;honey and old comb ,ghee;apri;Apr May;0;smoke given & comb cut by knife;1 year 2 time;;;disease control  training ;153;191;1
22-06-1998;litakot;tatopani;Ag;5;4;0;0;0;;;;;;200;;;;;;1;0;0;0;0;1;;;;2;6;13;0;bees died;2054;;;;;;;1;honey,apple;Feb-Mar;1;;mustard;0;rubbing with walnut leaves and   pure honey;honey and old comb;jun;June;0;smoke given & comb cut by knife;1 year 2 time;;;honey harvest time bees save;231;192;1
22-06-1998;litakot;tatopani;Ag;1;2;2;6;8;0;2;0;5;10;300;;;;;;1;0;0;0;0;1;;;;0;7;25;0;;2040;;;;;;;1;honey;Feb;1;apri;mustard;0;honey;honey;apri;May;0;smoke given & comb cut by knife;;;;;182;193;1
21-06-1998;bairaka;tatopani;Ag;2;1;0;0;0;0;4;0;0;0;;;own use;;;1;1;0;0;0;1;1;;;;4;3;9;0;comb black;2051;;;;;;;1;sugar sulution;Jan-Mar;1;may;mustard;0;rubbing with walnut leaves and   pure honey;honey ,ghee;apri;May;only new hive;smoke given & comb cut by knife;1 time a month;;;training , medicine ,equipment;203;194;1
24-06-1998;lamra;lamra;Ag;4;6;4;2;8;0;4;3;2;8;300;;;;;2;2;0;0;0;1;1;;;;;3;11;0;;2038;;;;;;;1;brown sugar 'honey pumpkin;Jan-Mar;1;;mustard ,apple;0;rubbing    ghosad  ;honey;apri;June;0;smoke given & comb cut by knife;some time;;;disease control  training ;236;195;1
25-06-1998;lamra;lamra;Ag;1;1;3;3;5;1;1;3;2;6;;;own use;;;1;;0;0;0;0;;;;;3;2;2;0;;2038;;;;;;;1;honey;Jan-Mar;1;;mustard ,apple,rice;0;rubbing with walnut leaves and   honey;honey;apri;Apr;1;smoke given & comb cut by knife;1 time a month;;;disease training;111;196;1
25-06-1998;lamra;lamra;Ag;1;4;6;9;0;0;1;6;7;0;;;own use;;;1;;0;0;0;0;;;;;2;3;5;0;;2034;;;;;;;1;honey;Mar-May;1;apri;mustard ,apple;1;rubbing with walnut leaves and   honey;honey;nov;swarning time;1;smoke given & comb cut by knife;1 time a month;;;disease and sawrming contraol training ;173;197;1
24-06-1998;hiyakhola;lamra;Ag;1;1;1;2;3;0;2;2;1;2;;;own use;;;1;;0;0;0;0;;;;;0;5;10;0;;2045;;;;;;;1;'brown sugar;Jan-Mar;0;;;;;honey;nov;Apr May;0;smoke given & comb cut by knife;;;;disease control  training ;238;198;1
23-06-1998;jethi bada;lamra;;1;0;1;6;13;0;0;0;4;9;100;;;1:1 pot;;1;;;;;0;;;;;1;1;2;0;comb black;2040;;;;;;;1;honey;Mar-May;0;;;;rubbing with walnut leaves and   honey;honey;apri may;Apr May;0;smoke given & comb cut by knife;1 year 2 time;;;disease and sawrming contraol training ;23;199;1
23-06-1998;khadak bada;lamra;;2;1;0;0;0;0;1;0;0;;;;own use;1:1 pot;nepaljung;2;;;;;0;;;;;;3;11;0;;2042;;;;;;;1;honey;Mar-May;0;;;;rubbing with walnut leaves and   honey;honey;;Apr May;0;smoke given & comb cut by knife;out side;;;training;64;200;1
23-06-1998;rawat bada;lamra;;11;7;3;15;7;0;11;7;26;9;200;;;1:1 pot;nepaljung;11;;;;;0;;;;;;3;19;0;;2040;;;;;;;1;honey,buckwheat,;Jan-Mar;0;;;;rubbing with walnut leaves and   honey;honey;;May;0;smoke given & comb cut by knife;some time;;;disease training;209;201;1
21-06-1998;larmi;raralihi;;0;3;0;9;16;0;1;0;9;16;230;;;kami;;3;;;;;0;;;;;;8;10;0;EFB ,TSBV  ?;2042;;;;;;;1;pupkin;Jan-Mar;0;;;;rubbing with walnut leaves and   honey;cow ghee 'honey and old comb;may;May;0;smoke given & comb cut by knife;some time;;;disease training;137;202;1
21-06-1998;lihi;raralihi;;3;4;2;0;0;;;;;;200;;12 pathi rice;;;3;;;;;0;;;;;;8;10;0;EFB ,TSBV  ?;2040;;;;;;;1;honey;Mar;0;;;;rubbing  ghosad  ;honey and old comb ghee;apri;May;new only;smoke given & comb cut by knife;out side;;;disease training;130;203;1
21-06-1998;lihi;raralihi;;1;3;18;7;2;0;1;10;4;2;;;15 pathi rice;1:1 pot;kami;1;;;;;0;;;;;3;6;16;0;;2040;;;;;;;1;honey;Jan-Mar;0;;;;rubbing  ghosad  ;honey and old comb, mustard;may;May;0;smoke given & comb cut by knife;;;;disease and sawrming contraol training ;128;204;1
10-06-1998;rara;raralihi;;1;3;5;5;1;0;0;2;2;2;;;own use;1:1 pot;kami;;1;;;;0;0;;;;3;4;5;0;comb cells filled with water?;2052;;;;;;;1;honey;Feb;0;;;;;honey and old comb;may-jun;May-June;0;smoke given & comb cut by knife;1 time a month;;;disease training;27;205;1
10-07-1998;puru;malika thata;;2;1;5;13;20;;;10;20;25;100;;;;;;3;;;;0;1;;;;7;7;25;0;;2040;;;;;;;;;;0;;;;rubbing with walnut leaves and ghosad or pure honey;honey and old comb ghee;may;May-June;1;smoke given & comb cut by knife;2 time a year;;;hive making training,disease control;183;206;1
08-07-1998;malapani;malika thata;;15;2;7;70;70;;2;3;80;80;240;;;1:1 pot;;4;11;;;;0;1;;;;45;5;30;1;EFB;2040;;;;;;;0;;;0;;;;rubbing with walnut leaves and ghosad or pure honey;honey and old comb ghee;apri-may;Apr-May;1;smoke given & comb cut by knife;1 time a month;;;time -time farmar trainer comeing;32;207;1
08-07-1998;rasa;malika thata;;16;10;0;13;8;;4;0;13;8;200;;;1:1 pot;;5;11;;;;1;1;;;;;18;147;0;;2052;;;;;;;0;;;0;;;;honey;honey and old comb, mustard;may;May;1;smoke given & comb cut by knife;1 time a month;;;;201;208;1
26-06-1998;kotila;talihum;;1;2;3;0;0;;;;;;;;own use;;;1;;;;;0;;;;;;1;;0;sour smell;2044;;;;;;;1;brown sugar,pump, Buckwheat;Feb-Mar;0;;;;rubbing  ghosad  ;honey  ;harvest time;May-June;;smoke given & comb cut by knife;1 time a month;;;training , medicine ,equipment;123;209;1
26-06-1998;jativid;talihum;;4;1;0;0;30;;;;;40;200;;;1:1 pot;kami;4;;;;;0;;;;;1;10;22;0;;2040;;;;;;;1;'brown sugar honey;Feb-Mar;1;;mustard veg;1;rubbing with walnut leaves and ghosad  ;honey and old comb;harvest time;May-June;0;smoke given & comb cut by knife;;;;training , medicine ,equipment;177;210;1
12-07-1998;tamti;tamti;;7;3;10;16;23;;10;10;22;26;240;;;1:1 pot;;5;2;;;;0;1;;;;12;21;42;0;;2040;;;;;;;1;;;0;;;;rubbing  ghosad  ;honey and old comb;may;May;1;smoke given & comb cut by knife;;;;;96;211;1
13-07-1998;machaldew;tamti;;1;1;0;0;0;0;1;0;0;0;240;;;1:1 pot;;1;;;;;1;;;;;4;9;17;0;EFB;2040;;;;;;;1;;;0;;;;rubbing  ghosad  ;honey and old comb, oil;may;May;;smoke given & comb cut by knife;;;;training , medicine ,equipment;61;212;1
14-07-1998;topla;tamti;;7;35;40;16;7;3;0;20;16;7;;;;;;6;1;;;;0;1;;;;;14;36;0;;2039;;;;;;;1;;;0;;;;rubbing with walnut leaves and ghosad  ;honey and old comb;apri-may;Apr-May;;smoke given & comb cut by knife;;;;disease training ,hive  training;76;213;1
07-07-1998;luhi;ghodemahadew;;2;1;0;4;15;0;0;0;4;15;100;;;1:1 pot;kami;2;;;;;0;;;;;7;6;9;0;;2040;;;;;;;1;;;1;;mustard veg;0;rubbing  ghosad  ;honey and old comb, oil;may;May;;smoke given & comb cut by knife;aug;;;'disease training;215;214;1
07-07-1998;ripi;ghodemahadew;;5;1;0;3;6;;1;0;6;12;200;;12 pathi rice;1:1 pot;kami;2;3;;;;0;1;;;;16;10;21;0;;4042;;;;;;;1;;;0;;;;rubbing with walnut leaves  ;honey and old comb;may;May;1;smoke given & comb cut by knife;;;;'disease training;49;215;1
06-07-1998;ghode;ghodemahadew;;6;3;5;3;13;;5;5;5;14;200;;16 pathi rice;1:1 pot;;1;5;;;;1;1;;;;13;19;60;0;;2039;;1;harbal;;;1;1;brown sugar ,honey ,rebis solution;winter;0;;;;rubbing with walnut leaves and ghosad  ;honey and old comb;may;May;;smoke given & comb cut by knife;;;;'disease training;38;216;1
10-06-1998;jogi bada;badaki;;6;4;1;1;1;0;4;1;1;1;;;own use;;kami;6;;;;;0;;;;;2;5;5;0;;2053;;;;;;;1;honey;Feb-April;1;;rice;;honey;honey and old comb ,ghee;mar;Apr;;smoke given & comb cut by knife;;;;'disease training;93;217;1
24-05-1998;dandakot;chandan natha;;1;15;5;;;1;;;;;;;12pathi rice;150 kg;;1;;;;;0;;;;;4;3;;1;EFB ,TSBV;2053;;1;tera;sep;1 cap;0;1;sugar solution;not food;0;;;;rubbing  ghosad  ;honey and brown sugarold comb;mar- jun;Mar- June;;smoke given & comb cut by knife;;;;beekeeping informtion;103;218;1
05-06-1998;ghodesin;patmara;;0;3;7;15;2;;2;11;7;3;;;12pathi rice;50kg;;3;;;;;1;;;;;2;15;14;0;bees die one place;2050;insecticide use;0;0;0;0;0;1;bhuku,honey ,pumpkin;Jan-Feb;1;apri-may;apple,veg;1;rubbing with walnut leaves and ghosad or pure honey;honey , old comb,dhopi & wild rose;nov-dec;Apr-June;1;smoke given & comb cut by knife;some time;1;1;beekeeping training,whear is the fooice I don't no;74;219;5
05-06-1998;ghodesin;patmara;;0;2;0;35;4;0;3;50;12;;;;12pathi rice;1:1 pot;nep;35;5;2;;;0;0;1;0;0;40;9;53;0;0;2048;0;0;;0;0;0;1;bhuku,honey ,pumpkin;winter;1;;mustard;1;rubbing  ghosad  ;honey,wild rose and old comb;mar-apri;Mar;1;smoke given & comb cut by knife;1 time a month;1;1;beekeeping training;71;220;5
05-06-1998;ghodesin;patmara;;2;0;8;10;11;0;0;6;3;7;300;;;;kami;2;;;;;1;0;0;0;0;4;10;30;0;0;2040;0;0;0;0;0;0;1;honey, Buckwheat;winter;1;may;rice;1;rubbing  ghosad  ;honey and old comb;mar;Mar-July;1;smoke given & comb cut by knife;2 time a month;0;0;disease inforntion;109;221;5
04-06-1998;rini;patmara;;8;3;0;30;5;0;4;0;20;6;250;;12pathi rice;1:1 iron;nep;8;;;;;1;0;0;0;0;20;6;32;0;0;2039;insecticide use  on mustard;1;camsuro ,chun,gaut;;;1;1;Buckwheat , pumpkin;Jan-Feb;1;may;mustard;1;rubbing  ghosad  ;honey , old comb,dhopi &rice;feb-mar;Apr;1;smoke given & comb cut by knife;;;;'disease training;55;222;5
11-06-1998;patmara;patmara;;2;16;16;5;0;2;7;6;3;0;300;;;;;2;;;;;0;4;0;0;;1;60;8;0;EFB ,TSBV;2051;frozen rain;1;tera;1996 /97;;0;1;Buckwheat , pumpkin;Feb-April;1;july;veg;1;rubbing  ghosad  ;honey , old comb,dhopi &rice;feb-mar;Apr;1;smoke given & comb cut by knife;1 time a month;1;4;Beekeeping training;16;223;5
05-06-1998;urthu;patmara;;4;1;0;35;50;3;3;0;0;20;300;;;1:1 pot;;4;;;;;1;0;0;0;0;0;10;58;0;Not working;2040;;0;;;;0;1;Honey;Nov;1;July;rice;0;rubbing  ghosad  ;honey and old comb,cloves;Mar-'Apr;Apr;1;smoke given & comb cut by knife;some time;;;Beekeeping training;225;224;5
14-06-1998;siala gadegau;Patarasi;;9;11;7;5;13;;17;14;3;16;320;;;1:1 pot;;5;4;;;;1;0;0;0;0;15;14;22;0;bees died;2035;;;;;;;1;Honey,Brown sugar;Nov-Dec;;;;;rubbing  ghosad  ;honey and old comb;Mar-'Apr;Mar-'Apr;0;smoke given & comb cut by knife;1 time a month;1;4;Bees disease control,training;150;225;5
13-06-1998;siala gadegau;Patarasi;;4;9;8;9;4;;9;10;6;5;320;;;1:1 iron;;4;;;;;1;0;0;0;0;1;14;17;0;bees died outside;2038;;;;;;;1;Buckwheat , pumpkin ,Brown sugar,Homey;Jan-Feb;0;;;;rubbing  ghosad  ;honey and old comb;;;;smoke given & comb cut by knife;;;;;36;226;5
12-06-1998;Peregau;patrasi;;2;1;;2;;;;;;;;;;;;2;;;;;1;0;0;0;0;0;1;2;0;0;2045;;;;;;;1;;;;;;;rubbing  ghosad  ;honey and old comb;Mar-'Apr;Apr;0;smoke given & comb cut by knife;;;1;;259;227;5
13-06-1998;Talphi;patrasi;;2;3;2;;;;8;4;;;320;;16 pathi rice;1:1 pot;;2;;;;;1;0;0;0;0;2;7;14;0;bees black & not working;2042;;1;harb;smoke;;1;1;'Buckwheat ,Honey;Jan-Feb;1;;All crop;1;rubbing  ghosad  ;honey and old comb;Mar-'Apr;May;0;smoke given & comb cut by knife;1 time a month;3;4;Beekeeping training 'Bees disease control;263;228;5
12-06-1998;Huri;Chamchaur;;2;2;1;7;6;;;1;5;7;;;12 pathi rice;;;2;;;;;1;0;0;0;0;0;5;7;0;sour smell bees died outside;2040;;;;;;;0;;;;;;;rubbing  ghosad  ;honey and old comb;Mar-'Apr;Apr;0;smoke given & comb cut by knife;1 time a month;2;2;;149;229;5
12-06-1998;Mahari;Chamchaur;;2;1;1;12;5;;4;2;25;15;300;;16 pathi rice;;;2;;;;;1;0;0;0;0;0;6;14;0;0;2040;;0;;;;;0;;;0;;;;rubbing  ghosad  ;honey and old comb;May;May;0;smoke given & comb cut by knife;1 time a month;;;Bees disease control;3;230;5
12-06-1998;Chauraa;chum chaur;;3;7;4;18;35;;;;20;10;;;12 pathi rice;1:1 pot;;3;;;;;1;0;0;0;0;0;8;16;0;brood diedv&vnot working;2036;;;;;;;0;;;1;July;All crop;1;rubbing  ghosad with walnut leaves ;honey and old comb;Apr;May;0;smoke given & comb cut by knife;Some time;2;2;Bees disease control,Training;113;231;5
11-06-1998;Badgau;chum chaur;;2;2;3;0;2;0;1;2;0;4;;;12 pathi rice;1:1pot;;7;;;;;1;0;0;0;0;0;6;18;0;0;2036;;;;;;;;;;;;;;rubbing  ghosad  ;honey and old comb;Feb;Mar-'Apr;;smoke given & comb cut by knife;;;;Beekeeping training;118;232;5
11-06-1998;Badgau;chum chaur;;2;3;3;6;7;0;1;2;3;4;200;;12 pathi rice;1:1pot;one day work;2;;;;;1;0;0;0;0;7;6;18;0;spread out;2040;;;;;;;1;'Buckwheat ,Honey;Jan-Feb;;;;;rubbing  ghosad  ;honey and old comb,cloves,rice,cumin;Mar-'Apr;May;New hive only;smoke given & comb cut by knife;;;;Bees disease control,Training;193;233;5
08-06-1998;Tirku;Dillichaur;;3;4;3;4;7;0;9;12;8;14;400;;12 pathi rice;1:1pot;;3;;;;;1;0;0;0;0;4;9;17;0;poison;2049;;;;;;;1;'Buckwheat ,Pumpkin ,Sugar;Jan-Feb;1;;Mastard;1;rubbing  ghosad ,Leborosa honey ;honey and old comb;Mar;Apr;0;smoke given & comb cut by knife;Some time;1;1;Bees disease control,Training;180;234;5
08-06-1998;Lambri;Dillichaur;;0;7;3;1;0;0;8;5;0;0;300;;;;;0;;;;;1;0;0;0;0;2;4;13;0;0;2038;;;;;;;1;Brown sugar ,bhuko;Jan-Mar;1;July;Mastard, rice;1;rubbing  ghosad  ;honey and old comb;Mar;May;New hive only;smoke given & comb cut by knife;Some time;;;Beekeeping training, T.T super vision;45;235;5
07-06-1998;Japna;Dillichaur;;4;0;7;1;0;0;0;7;2;0;;;;;;4;;;;;1;0;0;0;0;0;4;8;1;apple flower;2039;;;;;;;1;'Buckwheat ,Pumpkin ,Sugar;Jan-Mar;0;;;;rubbing  ghosad  ;honey and old comb pine needal powder;Mar;Apr;0;smoke given & comb cut by knife;Some time;;;Bees disease control,Training;237;236;5
07-06-1998;Mathilo lorpa;Dillichaur;;0;8;4;2;1;0;24;2;3;1;;;own use;kami;;0;;;;;1;0;0;0;;0;1;2;0;0;2040;;;;;;;0;;;1;July;veg;1;rubbing with walnut leaves and ghosad or pure honey;honey and old comb;May;May;0;smoke given & comb cut by knife;;;;Beekeeping training,medicine;120;237;5
06-06-1998;Talo Lorpa;dillichaur;;2;0;6;21;25;0;0;8;11;15;300;;;"1;1pot";Nep;1;;;;;1;0;0;0;0;14;7;11;0;0;2040;;;;;;;1;'Buckwheat ,Pumpkin ,Sugar;Dec-Jan;1;July;mastard;1;rubbing with walnut leaves and ghosad or pure honey;honey and old comb;May;Apr;0;smoke given & comb cut by knife;winter;;1;medicine ,;110;238;5
20-06-1998;Depalgaun;Depalgaun;;1;1;0;0;0;0;1;0;0;0;240;;;;;1;;;;;1;;0;0;0;;20;40;0;0;2040;;;;;;;1;Brown sugar;Dec-Jan;1;Jun;mastard , apple;1;rubbing  ghosad  ;honey and old comb;Mar;Apr;0;smoke given & comb cut by knife;1 time a month;;1;;80;239;5
19-06-1998;Kumri;Depalgaun;;2;6;0;7;6;0;7;0;9;5;240;;;;;2;;;;;0;0;0;0;0;10;8;15;0;bees black;2047;;;;;;;1;Honey;Dec-Jan;1;July;veg mastard;1;rubbing  ghosad  ;honey and old comb;Apr;Apr;0;smoke given & comb cut by knife;1 time a month;;;;15;240;5
18-06-1998;Gajrangkot;Gajrangkot;;4;1;5;0;0;0;4;5;0;0;220;;;;;3;;;;;1;0;0;0;0;2;4;6;0;bees died dead larvae carried out of the hive;2040;;;;;;;1;Honey;Dec-Jan;0; ; ;1;rubbing with walnut leaves and ghosad or pure honey;honey and old comb;Mar;Apr;0;smoke given & comb cut by knife;1 time a month;;;time time'suparvision;256;241;5
16-06-1998;Gothichaur;Gothichaur;;6;12;10;20;28;0;10;8;24;30;220;;;;;6;;;;;1;0;;0;0;14;10;28;0;bees died dead larvae carried out of the hive;2050;;;;;;;1;Honey;Dec-Jan;1;July;veg;1;'rubbing with walnut leaves and ghosad;honey,brown sugar,ghee and old comb;Mar;Apr;only new hive;smoke given & comb cut by knife;1 time a month;;;;11;242;5
15-06-1998;Kuri;Gothichaur;;9;6;2;11;8;0;8;2;7;4;230;;;1:1pot;;9;;;;;1;0;0;0;0;6;8;33;0;bees black & angry;2043;;;;;;;1;Bhuko;Nov-mar;;;;1;'rubbing with walnut leaves and ghosad;honey and old comb;Feb;May;;smoke given & comb cut by knife;1 time a month;;;suparvision,training ,disease control;175;243;5
15-06-1998;Muni Gau;Gothichaur;;6;8;2;4;6;0;3;1;5;8;250;;;;;6;;;;;1;0;0;0;0;0;11;45;0;0;2045;;;;;;;1;Honey;Dec-Jan;;;;1;'rubbing with walnut leaves and ghosad;honey and old comb;Apr;May;0;smoke given & comb cut by knife;1 time a month;2;2;;47;244;5
14-06-1998;Chotra;Gothichaur;;2;1;0;0;0;0;1;0;0;0;300;;;;;2;;;;;1;0;0;0;0;0;9;12;0;0;2040;;;;;;;1;Honey;Dec-Jan;;;;1;'rubbing with walnut leaves and ghosad;honey and old comb;Apr;May;0;smoke given & comb cut by knife;1 time a month;2;3;;97;245;5
24-05-1998;Gidikhola;Haku;;0;4;6;7;9;0;2;3;3;6;350;;1:1 wool;1:1pot;;0;;;;;1;0;0;0;0;4;5;10;1;inside & outside died;2040;posion;;;;;;1;Buckwheat , Bhuko;Nov;1;;rice ,mastard;1;rubbing with walnut leaves and ghosad or pure honey;honey  ;Mar;Apr;1;smoke given & comb cut by knife;some time;;;Mardan hive makining;216;246;5
06-07-1998;Patar Khola;mahabi patarkhala;;3;0;0;9;5;0;0;15;6;6;250;;;;;1;;;;;1;0;0;0;0;0;3;11;0;0;2040;;;;;;;1;Brown sugar ,Honey;Dec-Jan;0;;;1;rubbing  ghosad  ;honey and old comb;Apr;May;0;smoke given & comb cut by knife;2 time a month;;;Beekeeping  Training;208;247;5
06-07-1998;Marchi;mahabi patarkhala;;4;4;2;1;0;0;2;1;;0;240;;;;kami;0;;;;;0;0;0;0;0;0;3;4;0;0;2040;;;;;;;1;'Buckwheat ,Pumpkin ,Sugar;Dec-Jan;0;;;;rubbing  ghosad  ;honey and old comb ,cow ghee;Apr;May;New only;smoke given & comb cut by knife;2 time a month;;;Bees disease control,Training;108;248;5
06-07-1998;Patar Khola;mahabi patarkhala;;10;9;6;15;20;0;15;8;25;30;250;;;;;5;5;;;;1;1;0;0;0;0;1;2;0;0;2040;;;;;;;1;'Buckwheat ,Pumpkin ,Sugar;Dec-Jan;0;;;;rubbing  ghosad  ;honey and old comb;Apr;May;New only;smoke given & comb cut by knife;2 time a month;;;Bees disease control,Training;79;249;5
10-07-1998;Momla;badaki;;3;2;5;5;3;0;3;10;5;2;250;;;;kami;;3;;;;0;1;0;0;0;2;15;30;0;0;2040;;;;;;;1;Honey;Dec-Jan;1;;veg;1;rubbing  ghosad  ;honey and old comb ,cow ghee;Apr;May;1;smoke given & comb cut by knife;2 time a month;;;Beekeeping  Training;189;250;5
08-07-1998;Wadi Gau;badaki;;5;7;5;8;2;0;4;0;0;0;250;;;;kami;;5;;;;0;1;0;0;0;2;6;30;0;left hive;2040;;;;;;;1;Honey;Dec-Jan;0;;;;rubbing  ghosad  ;honey and old comb ,cow ghee;Apr;Jun;0;smoke given & comb cut by knife;2 time a month;;;training , medicine ,equipment;171;251;5
08-07-1998;Wadi;badaki;;5;1;0;0;0;0;2;0;0;0;250;;;;kami;;5;;;;0;1;0;0;0;2;6;30;0;0;2040;;;;;;;1;Honey;Dec-Jan;0;;;1;rubbing  ghosad  ;honey and old comb ,cow ghee;Apr;May;0;smoke given & comb cut by knife;2 time a month;;;;29;252;5
20-06-1998;nuwakot;kudari;;3;5;12;16;20;;4;6;8;10;;;;;;3;1;;;;0;;;;;25;15;40;1;honey sour smille ,bees died;2046;poision;;;;;;1;Honey;Feb-Mar;1;Aug;rice veg;1;rubbing  ghosad  ;honey and old comb;Apr-Aug;Apr-Aug;1;smoke given & comb cut by knife;;;;training , medicine ,equipment;138;253;2
20-06-1998;sapulli;kudari;;18;16;40;50;80; ;12;20;30;100;150;;;1:1 kaso;;15;3;;;;1;1;;;;50;4;16;1;absconding;2050;;;;;;;1;Honey;Feb-Mar;1;;ricc;1;rubbing with walnut leaves and ghosad or pure honey;honey and old comb;May;May;0;smoke given & comb cut by knife;2 time a month;;;training,;125;254;2
27-06-1998;rawatbada;kudari;;14;12;18;50;40;;4;6;100;40;;;;1:1pot;;11;4;;;;0;1;;;;12;1;3;1;put out larve;2050;;;;;;;1;Honey;Feb-Mar;1;;ricc;1;rubbing  ghosad  ;honey and old comb ,cow ghee;Apr;May;1;smoke given & comb cut by knife;4 time a week;;;Disease control;51;255;2
27-06-1998;gidi khola;haku;;3;4;2;15;12;4;10;2;24;25;550;;;;;3;;;;;1;;;;;4;32;45;1;cold;2042;feed low;;;;;;1;sugar solution;Mar-Jun;0;;;;rubbing  ghosad  ;honey ;;;;smoke given & comb cut by knife;;;;;124;256;2
06-06-1998;rocabada;talihum;;7;2;1;1;15;;6;4;2;20;240;;;1:1pot;;7;;;;;1;;;;;;3;3;0;;2048;apple planting;;;;;;1;sugar solution;Jan-Feb;1;;mastard , applerice ,veg;1;rubbing with walnut leaves and ghosad or pure honey;honey and old comb;Fab Mar;Fab Mar;0;smoke given & comb cut by knife;1 month a time;;;training , medicine ,equipment;88;257;2
17-06-1998;talihum;talihum;;13;8;10;60;3;;5;6;0;3;300;;;1:1 kaso;;13;;;;;0;;;;;;1;4;0;;2038;apple planting;;;;;;1;honey;Feb-Api;1;;apple,mastard,veg;0;0;h0ney;Aug;Apr-Aug;0;smoke given & comb cut by knife;1 month a time;;;Disease informition;221;258;2
17-06-1998;raca;tatopani;;5;3;3;;;;4;4;;;240;;;1:1pot;;5;;;;;1;;;;;4;2;8;0;bees died in hive;2052;0;;;;;;1;honey;Nov-Mar;1;;rice,veg;0;rubbing  ghosad  ;honey and old comb;Apr;Apr;0;smoke given & comb cut by knife;4 time a week;;;Disease training;78;259;2
17-06-1998;bairaca;tatopani;;5;3;2;1;1;;1;3;1;1;;;won use;;;5;;;;;0;;;;;;3;6;0;;0;apple planting;;;;;;1;honey;Jan-Feb;1;;rice,veg;0;rubbing with walnut leaves and ghosad or pure honey;honey and old comb;Apr-May;Apr-May;1;smoke given & comb cut by knife;0;;;honey harvest training;33;260;2
17-06-1998;Dhobigat;kanakasundari;;3;8;6;14;10;;7;8;20;12;300;;;;kami;1;2;;;;1;1;;;;18;5;18;1;;2052;0;;;;;;1;honey;winter;0;;;;rubbing with walnut leaves and ghosad or pure honey;honey and old comb;Apr;Apr;0;smoke given & comb cut by knife;2 time a year;1;3;training , medicine ,equipment;66;261;3
01-09-1998;legpar;kanakasundari;;5;3;10;5;7;;5;20;1;7;200;;;1:1pot;;3;2;;;;1;1;;;;20;17;46;1;bees died in hive;2040;;;;;;;1;Honey,brown sugar;Apr-may;0;;;;rubbing with walnut leaves and ghosad  ;honey and old comb;april-may;march-april-may;0;smoke given & comb cut by knife;one-month-3-times;2;5;training , medicine ,equipment;42;262;3
30-08-1998;hatsija;kanakasundari;;5;8;5;;;;8;8;;;200;;;;kami;5;3;5;;;1;1;1;;;30;9;46;1;;2051;;1;tubako smok;;;1;1;Honey;Mar;1;;;1;rubbing with walnut leaves and ghosad  ;honey and old comb;april-may;april-may;0;smoke given & comb cut by knife;some time;;;Disease control;194;263;3
27-10-1998;urthu;patmara;;20;15;1;14;18;22;15;1;15;22;;;12 pathi rice;1:1pot;nep;;;;;;0;;;;;15;9;60;1;put out larve;15 year;posion;;;;;;1;Honey;winter;1;;veg ,fruit;1;wax;honey and old comb;april-may;may;0;smoke given & comb cut by knife;some time;;;;18;264;3
28-10-1998;tlichaur;canda natha;;3;4;5;2;1;4;3;10;4;1;;;;;;1;;;;;0;;;;;1;3;6;1;;2052;;;;;;;1;sugar solotion;;1;;rice;; ;honey and old comb;april-may;may;1;smoke given & comb cut by knife;2 time a year;1;4;disease training ,;31;265;3
28-10-1998;gairagaun;kartiksawmi;;3;1;6;18;7;8;2;12;7;11;450;;;;kami;3;;;;;0;;;;;;2;5; ;;2051;;;;;;;1;Honey,brown sugar;Feb-Mar;0;;rice;1;;honey and old comb;april-may;may;1;smoke given & comb cut by knife;2 time a year;;;;22;266;3
24-05-1998;dandakot;canda natha;;3;56;80;105;6;15;40;75;30;12;600;;;100kg;;3;;;;;1;;1;1;;80;7;10;1;bees larve died & absconding;2053;sanitetion;;;;;;1;sugar solution;Jan-Mar;0;;;0;rubbing with walnut leaves and ghosad or pure honey;honey and old comb;feb(maga);Mar;1;smoke given & comb cut by knife;2 time a year;;;chacek 15 day;101;267;6
24-05-1998;simkhada;canda natha;;1;11;5;;;1;;;;;200;;;won use;;1;;;;;1;;;;;;2;2;0;bees larve died & absconding;2053;posion;;;;;;1;sugar solution;Aug;1;;rice ,veg, apple;1;rubbing  walnut leaves  ;honey and old comb;may-Jun;may-Jun;1;smoke given & comb cut by knife;out side only;;;;266;268;6
02-06-1998;neta;bumra madichaur;;;;2;6;25;;;4;12;30;200;;12 pathi rice;1:1pot;;;;;;;0;;;;;;5;20;0;put out larve;5year;posion;;;;;;1;Buckwheat , Bhuko ,Honey;Jan-Mar;1;;veg;0;rubbing  ghosad  ;honey and old comb,rice;Feb;may-Jun;0;smoke given & comb cut by knife;2 time a year;;;beekeeping Training ;54;269;7
02-06-1998;bumra;bumra madichaur;;2;12;12;;;;;20;;;250;;;;kami;2;;;;;1;;;;;20;8;20;0;put out larve;5year;;;;;;;;;;1;Sep;veg;;rubbing  ghosad  ;honey and old comb,rice,barley;Mar;april-may;;smoke given & comb cut by knife;2 time a month;;;Hive makining training;232;270;7
02-06-1998;bhiunawla;bumra madichaur;;2;2;2;6;9;;;2;8;15;200;;;1:1iron;;2;;;;;0;;;;;12;3;9;0;bees black;3year;;;;;;;1;Buckwheat ,;;0;;;;rubbing with walnut leaves and ghosad or pure honey;honey and old comb;april-may;april-may;0;smoke given & comb cut by knife;some time;;;beekeeping training;142;271;7
02-06-1998;sipti;bumra madichaur;;15;8;2;;6;;10;5;;9;300;;12 pathi rice;1:1pot;;15; ;;;;1;;;;;20;7;44;0;;2040;0;;;;;;0;0;0;1;0;;;rubbing with walnut leaves and ghosad or pure honey;honey and old comb;april-may;april-may;1;smoke given & comb cut by knife;some time;;;beekeeping training;141;272;7
10-06-1998;riya;bumra madichaur;;10;17;7;20;40;;;17;12;20;150;;;1:1iron;surkhet;10; ;;;;1; ;;;;70;10; ;1;bees larve died & absconding;3year;;;;;;;1;Buckwheat , Bhuko ,Honey;winter;0;0;0;;rubbing  ghosad  ;honey and old comb,rice,barley;april-may;april-may;1;smoke given & comb cut by knife;2 time a month;;;Beekeping training,disease informfion;213;273;7
01-06-1998;riya;bumra madichaur;;8;10;8;16;30;;;20;25;30;120;;12 pathi rice;;;8;;;;;0;;;;;20;11;;0;;;0;0;;;;;0;0;0;1;0;veg;;rubbing  ghosad  ;honey and old comb,rice,barley;april-may;april-may;0;smoke given & comb cut by knife;2 time a month;;;?????;52;274;7
21-06-1998;bata;patmara;;4;1;2;60;5;;1;4;50;6;300;;12 pathi rice;1:1pot;nep;;;;;;1;;;;;4;3;9;1;put out larve;2045;0;;;;;;1;honey;Fab;1;Sep;veg;1;rubbing with walnut leaves and ghosad or pure honey;honey and old comb wield rose;april-may;april-may;1;smoke given & comb cut by knife;2 time a month;;;Beekeping training,disease informfion;148;275;7
05-06-1998;ghodesin;patmara;;3;1;;1;;;1;;;;600;;12 pathi rice;;;2;;;;;0;;;;;;9;15;0;absconding;3year;0;;;;;;1;honey;Jan;1;;veg;;rubbing with walnut leaves and ghosad or pure honey;honey and old comb;Mar;Apr;0;smoke given & comb cut by knife;2 time a year;1;1;Beekeping training,disease informfion;241;276;7
06-06-1998;gidikhola;haku;;1;4;5;;11;;5;;;15;550;;;1:1pot;kami;1;;;;;0;;;;;3;33;49;1;bees larve died & absconding;2040;posion;1;Tm; 6-Jun;1 c.;;1;sugar solution;winter;1;;rice,veg;1;rubbing with walnut leaves and ghosad or pure honey;honey and old comb;Mar;Apr;1;smoke given & comb cut by knife;2 time a year;1;1;Beekeping training,disease informfion;41;277;7
